P13647,"Keratin, type II cytoskeletal 5 OS=Homo sapiens GN=KRT5 PE=1 SV=3",3,1,1,1,590,62.3,7.74,,1,KRT5,Not Found,High,,3.18,,KRT5 detected in Intermediate filaments,,https://www.proteinatlas.org/ENSG00000186081-KRT5/cell,,,
P13746,"HLA class I histocompatibility antigen, A-11 alpha chain OS=Homo sapiens GN=HLA-A PE=1 SV=1",2,1,1,1,365,40.9,6.15,,1,HLA-A,Not Found,High,,3.12,,HLA-A detected in Plasma membrane and Golgi apparatus,,https://www.proteinatlas.org/ENSG00000206503-HLA-A/cell,,,
M0R2P6,"SH3KBP1 binding protein 1, isoform CRA_c OS=Homo sapiens GN=SHKBP1 PE=1 SV=1",1,1,1,1,682,73.7,8.4,,1,SHKBP1,Not Found,High,,2.81,,SHKBP1 detected in Cell junctions,,https://www.proteinatlas.org/ENSG00000160410-SHKBP1/cell,,,
Q15036,Sorting nexin-17 OS=Homo sapiens GN=SNX17 PE=1 SV=1,2,1,1,1,470,52.9,7.46,,1,SNX17,Not Found,High,,2.75,,SNX17 detected in Vesicles and Cytosol,,https://www.proteinatlas.org/ENSG00000115234-SNX17/cell,,,
Q99942,E3 ubiquitin-protein ligase RNF5 OS=Homo sapiens GN=RNF5 PE=1 SV=1,5,1,1,1,180,19.9,6.65,,1,RNF5,Not Found,High,,2.04,,RNF5 detected in Endoplasmic reticulum,,,,,https://www.proteinatlas.org/ENSG00000204308-RNF5/cell
P14406,"Cytochrome c oxidase subunit 7A2, mitochondrial OS=Homo sapiens GN=COX7A2 PE=1 SV=1",12,1,1,1,83,9.4,9.76,,1,COX7A2,Not Found,High,,2,,No data,,,,,
Q92982,Ninjurin-1 OS=Homo sapiens GN=NINJ1 PE=1 SV=2,6,2,2,2,152,16.3,6.28,,2,NINJ1,Not Found,High,,1.81,,No data,,,,,https://www.proteinatlas.org/ENSG00000131669-NINJ1/cell
E5RFJ8,DNA replication licensing factor MCM4 (Fragment) OS=Homo sapiens GN=MCM4 PE=1 SV=8,4,1,1,1,211,23.4,4.75,,1,,Not Found,High,,1.8,,MCM4 detected in Nucleoplasm,,,,,https://www.proteinatlas.org/ENSG00000104738-MCM4/cell
Q12802,A-kinase anchor protein 13 OS=Homo sapiens GN=AKAP13 PE=1 SV=2,0,1,2,1,2813,307.4,5.24,,1,AKAP13,Not Found,High,,1.62,,AKAP13 detected in Cytosol,,,,,https://www.proteinatlas.org/ENSG00000170776-AKAP13/cell
K7ERW1,Ornithine decarboxylase antizyme 1 (Fragment) OS=Homo sapiens GN=OAZ1 PE=4 SV=8,4,1,1,1,208,22,7.12,,1,,Not Found,High,,1.39,,OAZ1 detected in Vesicles and Centriolar satellite,,,,,https://www.proteinatlas.org/ENSG00000104904-OAZ1/cell
O60814,Histone H2B type 1-K OS=Homo sapiens GN=HIST1H2BK PE=1 SV=3,22,11,5,126,13.9,10.32,3,6,High,Not Found,,,,,,,,,,,
Q5JUQ2,Protein FAM78A OS=Homo sapiens GN=FAM78A PE=4 SV=1,11,6,2,280,31.5,8.95,,4,High,Not Found,,,,,,,,,,,
P51003,Poly(A) polymerase alpha OS=Homo sapiens GN=PAPOLA PE=1 SV=4,5,5,3,745,82.8,7.37,,4,High,Not Found,,,,,,,,,,,
Q5QNW6,Histone H2B type 2-F OS=Homo sapiens GN=HIST2H2BF PE=1 SV=3,22,5,1,126,13.9,10.32,3,1,High,Not Found,,,,,,,,,,,
Q9UQ88,Cyclin-dependent kinase 11A OS=Homo sapiens GN=CDK11A PE=1 SV=4,4,5,4,783,91.3,5.36,,4,High,Not Found,,,,,,,,,,,
Q7Z403-2,Isoform 2 of Transmembrane channel-like protein 6 OS=Homo sapiens GN=TMC6,6,4,3,454,50.2,8.44,,3,High,Not Found,,,,,,,,,,,
Q15149,Plectin OS=Homo sapiens GN=PLEC PE=1 SV=3,0,4,2,4684,531.5,5.96,,3,High,Not Found,,,,,,,,,,,
F6RFD5,Destrin OS=Homo sapiens GN=DSTN PE=1 SV=1,7,4,3,135,15.4,8.59,,3,High,Not Found,,,,,,,,,,,
Q9P2E3,NFX1-type zinc finger-containing protein 1 OS=Homo sapiens GN=ZNFX1 PE=2 SV=2,2,4,4,1918,220.1,7.3,,4,High,Not Found,,,,,,,,,,,
E9PR89,Serine/threonine-protein kinase Sgk1 OS=Homo sapiens GN=SGK1 PE=1 SV=1,7,4,3,387,43.8,8.57,,3,High,Not Found,,,,,,,,,,,
Q8TAQ2,SWI/SNF complex subunit SMARCC2 OS=Homo sapiens GN=SMARCC2 PE=1 SV=1,2,4,3,1214,132.8,5.69,,3,High,Not Found,,,,,,,,,,,
Q99728,BRCA1-associated RING domain protein 1 OS=Homo sapiens GN=BARD1 PE=1 SV=2,3,4,4,777,86.6,8.72,,4,High,Not Found,,,,,,,,,,,
Q6E0U4,Dermokine OS=Homo sapiens GN=DMKN PE=1 SV=3,7,4,3,476,47.1,7.28,,3,High,Not Found,,,,,,,,,,,
Q14683,Structural maintenance of chromosomes protein 1A OS=Homo sapiens GN=SMC1A PE=1 SV=2,2,3,3,1233,143.1,7.64,,3,High,Not Found,,,,,,,,,,,
A0A0G2JS92,Vacuolar protein sorting-associated protein 11 homolog OS=Homo sapiens GN=VPS11 PE=1 SV=1,5,3,1,484,55.3,7.74,,3,High,Not Found,,,,,,,,,,,
Q9P0J0-2,Isoform 2 of NADH dehydrogenase [ubiquinone] 1 alpha subcomplex subunit 13 OS=Homo sapiens GN=NDUFA13,4,3,1,222,24.9,9.7,,1,High,Not Found,,,,,,,,,,,
P20020-2,Isoform A of Plasma membrane calcium-transporting ATPase 1 OS=Homo sapiens GN=ATP2B1,1,3,1,1176,129.4,6.16,1,2,High,Not Found,,,,,,,,,,,
Q99717,Mothers against decapentaplegic homolog 5 OS=Homo sapiens GN=SMAD5 PE=1 SV=1,4,3,1,465,52.2,7.71,,2,High,Not Found,,,,,,,,,,,
O95319-4,Isoform 4 of CUGBP Elav-like family member 2 OS=Homo sapiens GN=CELF2,6,3,1,509,54.3,8.73,,3,High,Not Found,,,,,,,,,,,
Q13243,Serine/arginine-rich splicing factor 5 OS=Homo sapiens GN=SRSF5 PE=1 SV=1,7,3,3,272,31.2,11.59,,3,High,Not Found,,,,,,,,,,,
Q10570,Cleavage and polyadenylation specificity factor subunit 1 OS=Homo sapiens GN=CPSF1 PE=1 SV=2,2,3,3,1443,160.8,6.4,,3,High,Not Found,,,,,,,,,,,
P18463,"HLA class I histocompatibility antigen, B-37 alpha chain OS=Homo sapiens GN=HLA-B PE=1 SV=1",5,3,1,362,40.4,6.15,,3,High,Not Found,,,,,,,,,,,
F8W7G9,DNA mismatch repair protein Msh6 OS=Homo sapiens GN=MSH6 PE=1 SV=1,16,3,1,104,10.6,11.47,,2,High,Not Found,,,,,,,,,,,
O60841,Eukaryotic translation initiation factor 5B OS=Homo sapiens GN=EIF5B PE=1 SV=4,1,3,2,1220,138.7,5.49,,2,High,Not Found,,,,,,,,,,,
A0A0D9SEM4,Serine/arginine-rich-splicing factor 4 (Fragment) OS=Homo sapiens GN=SRSF4 PE=1 SV=1,3,3,1,378,43.6,11.08,,1,High,Not Found,,,,,,,,,,,
O43292,Glycosylphosphatidylinositol anchor attachment 1 protein OS=Homo sapiens GN=GPAA1 PE=1 SV=3,1,3,3,621,67.6,8.06,,3,High,Not Found,,,,,,,,,,,
Q92611,ER degradation-enhancing alpha-mannosidase-like protein 1 OS=Homo sapiens GN=EDEM1 PE=1 SV=1,1,3,3,657,73.7,6.92,,3,High,Not Found,,,,,,,,,,,
Q6P3W7,SCY1-like protein 2 OS=Homo sapiens GN=SCYL2 PE=1 SV=1,3,3,3,929,103.6,8.22,,3,High,Not Found,,,,,,,,,,,
P00450,Ceruloplasmin OS=Homo sapiens GN=CP PE=1 SV=1,2,3,1,1065,122.1,5.72,,2,High,Not Found,,,,,,,,,,,
P62195,26S protease regulatory subunit 8 OS=Homo sapiens GN=PSMC5 PE=1 SV=1,6,3,3,406,45.6,7.55,,3,High,Not Found,,,,,,,,,,,
O95671,N-acetylserotonin O-methyltransferase-like protein OS=Homo sapiens GN=ASMTL PE=1 SV=3,3,3,3,621,68.8,6.07,,3,High,Not Found,,,,,,,,,,,
Q6ZNJ1,Neurobeachin-like protein 2 OS=Homo sapiens GN=NBEAL2 PE=1 SV=2,1,3,3,2754,302.3,6.38,,3,High,Not Found,,,,,,,,,,,
Q9P2J3,Kelch-like protein 9 OS=Homo sapiens GN=KLHL9 PE=1 SV=2,4,3,2,617,69.4,6.35,,3,High,Not Found,,,,,,,,,,,
H0YHU2,Transmembrane protein 106C (Fragment) OS=Homo sapiens GN=TMEM106C PE=4 SV=1,15,3,2,117,13.3,9.28,,2,High,Not Found,,,,,,,,,,,
Q14697,Neutral alpha-glucosidase AB OS=Homo sapiens GN=GANAB PE=1 SV=3,2,3,3,944,106.8,6.14,,3,High,Not Found,,,,,,,,,,,
Q7L576,Cytoplasmic FMR1-interacting protein 1 OS=Homo sapiens GN=CYFIP1 PE=1 SV=1,1,2,1,1253,145.1,6.9,,2,High,Not Found,,,,,,,,,,,
Q9BSJ2,Gamma-tubulin complex component 2 OS=Homo sapiens GN=TUBGCP2 PE=1 SV=2,2,2,2,902,102.5,6.84,,2,High,Not Found,,,,,,,,,,,
Q8NEZ4,Histone-lysine N-methyltransferase 2C OS=Homo sapiens GN=KMT2C PE=1 SV=3,0,2,2,4911,541,6.49,,2,High,Not Found,,,,,,,,,,,
Q96TA2,ATP-dependent zinc metalloprotease YME1L1 OS=Homo sapiens GN=YME1L1 PE=1 SV=2,2,2,2,773,86.4,8.76,,2,High,Not Found,,,,,,,,,,,
Q13049,E3 ubiquitin-protein ligase TRIM32 OS=Homo sapiens GN=TRIM32 PE=1 SV=2,3,2,2,653,71.9,6.98,,2,High,Not Found,,,,,,,,,,,
Q9UFW8,CGG triplet repeat-binding protein 1 OS=Homo sapiens GN=CGGBP1 PE=1 SV=2,5,2,2,167,18.8,8.95,,2,High,Not Found,,,,,,,,,,,
P02545,Prelamin-A/C OS=Homo sapiens GN=LMNA PE=1 SV=1,2,2,2,664,74.1,7.02,,2,High,Not Found,,,,,,,,,,,
Q9C0C9,(E3-independent) E2 ubiquitin-conjugating enzyme OS=Homo sapiens GN=UBE2O PE=1 SV=3,1,2,2,1292,141.2,5.12,,2,High,Not Found,,,,,,,,,,,
Q9H5I5,Piezo-type mechanosensitive ion channel component 2 OS=Homo sapiens GN=PIEZO2 PE=1 SV=2,1,2,2,2752,317.9,6.15,,2,High,Not Found,,,,,,,,,,,
Q12778,Forkhead box protein O1 OS=Homo sapiens GN=FOXO1 PE=1 SV=2,2,2,2,655,69.6,6.77,,2,High,Not Found,,,,,,,,,,,
Q93063,Exostosin-2 OS=Homo sapiens GN=EXT2 PE=1 SV=1,3,2,2,718,82.2,6.55,,2,High,Not Found,,,,,,,,,,,
Q5M775,Cytospin-B OS=Homo sapiens GN=SPECC1 PE=1 SV=1,1,2,2,1068,118.5,6.7,,2,High,Not Found,,,,,,,,,,,
H0Y2P0,CD44 antigen (Fragment) OS=Homo sapiens GN=CD44 PE=1 SV=1,7,2,2,287,30.9,5.35,,2,High,Not Found,,,,,,,,,,,
Q9NZL6,Ral guanine nucleotide dissociation stimulator-like 1 OS=Homo sapiens GN=RGL1 PE=1 SV=1,3,2,2,768,86.6,6.09,,2,High,Not Found,,,,,,,,,,,
Q9NU19,TBC1 domain family member 22B OS=Homo sapiens GN=TBC1D22B PE=1 SV=3,4,2,2,505,59,7.39,,2,High,Not Found,,,,,,,,,,,
Q9NYF5,Protein FAM13B OS=Homo sapiens GN=FAM13B PE=1 SV=2,1,2,2,915,104.5,4.94,,2,High,Not Found,,,,,,,,,,,
Q13206,Probable ATP-dependent RNA helicase DDX10 OS=Homo sapiens GN=DDX10 PE=1 SV=2,1,2,2,875,100.8,8.63,,2,High,Not Found,,,,,,,,,,,
Q16666-6,Isoform 4 of Gamma-interferon-inducible protein 16 OS=Homo sapiens GN=IFI16,3,2,1,729,82.5,9.1,,2,High,Not Found,,,,,,,,,,,
E7EWW9,Glutathione S-transferase Mu 1 OS=Homo sapiens GN=GSTM1 PE=1 SV=1,5,2,1,237,27.6,6.7,,1,High,Not Found,,,,,,,,,,,
Q92794,Histone acetyltransferase KAT6A OS=Homo sapiens GN=KAT6A PE=1 SV=2,1,2,2,2004,224.9,5.68,,2,High,Not Found,,,,,,,,,,,
Q8N1F8,Serine/threonine-protein kinase 11-interacting protein OS=Homo sapiens GN=STK11IP PE=1 SV=3,2,2,2,1099,121.3,5.39,,2,High,Not Found,,,,,,,,,,,
P49840,Glycogen synthase kinase-3 alpha OS=Homo sapiens GN=GSK3A PE=1 SV=2,4,2,2,483,50.9,8.75,,2,High,Not Found,,,,,,,,,,,
Q4VC44,FLYWCH-type zinc finger-containing protein 1 OS=Homo sapiens GN=FLYWCH1 PE=1 SV=2,4,2,2,716,80.1,8.34,,2,High,Not Found,,,,,,,,,,,
Q6V0I7,Protocadherin Fat 4 OS=Homo sapiens GN=FAT4 PE=1 SV=2,0,2,2,4981,542.4,4.94,,2,High,Not Found,,,,,,,,,,,
Q9NP61,ADP-ribosylation factor GTPase-activating protein 3 OS=Homo sapiens GN=ARFGAP3 PE=1 SV=1,4,2,2,516,56.9,7.36,,2,High,Not Found,,,,,,,,,,,
Q9P243,Zinc finger protein ZFAT OS=Homo sapiens GN=ZFAT PE=1 SV=2,1,2,2,1243,138.9,7.25,,2,High,Not Found,,,,,,,,,,,
Q9H444,Charged multivesicular body protein 4b OS=Homo sapiens GN=CHMP4B PE=1 SV=1,4,2,1,224,24.9,4.82,,1,High,Not Found,,,,,,,,,,,
Q6NW34,Nucleolus and neural progenitor protein OS=Homo sapiens GN=NEPRO PE=1 SV=3,3,2,2,567,64.5,9.74,,2,High,Not Found,,,,,,,,,,,
P19419,ETS domain-containing protein Elk-1 OS=Homo sapiens GN=ELK1 PE=1 SV=2,4,2,2,428,44.9,6.89,,2,High,Not Found,,,,,,,,,,,
Q9Y5H4,Protocadherin gamma-A1 OS=Homo sapiens GN=PCDHGA1 PE=2 SV=1,2,2,2,931,101.2,5.03,,2,High,Not Found,,,,,,,,,,,
A0A0U1RRE5,HCG1997177 OS=Homo sapiens GN=LINC01420 PE=1 SV=1,13,2,1,68,7,9.42,,1,High,Not Found,,,,,,,,,,,
Q02809,"Procollagen-lysine,2-oxoglutarate 5-dioxygenase 1 OS=Homo sapiens GN=PLOD1 PE=1 SV=2",2,2,2,727,83.5,6.95,,2,High,Not Found,,,,,,,,,,,
P16403,Histone H1.2 OS=Homo sapiens GN=HIST1H1C PE=1 SV=2,4,2,1,213,21.4,10.93,,1,High,Not Found,,,,,,,,,,,
Q6P589,Tumor necrosis factor alpha-induced protein 8-like protein 2 OS=Homo sapiens GN=TNFAIP8L2 PE=1 SV=1,5,2,2,184,20.5,8.44,,2,High,Not Found,,,,,,,,,,,
A0A024QZ42,"HCG1985580, isoform CRA_c OS=Homo sapiens GN=PDCD6 PE=1 SV=1",7,2,1,121,14.4,5.29,,1,High,Not Found,,,,,,,,,,,
A0A1B0GUS7,Protein unc-13 homolog B OS=Homo sapiens GN=UNC13B PE=1 SV=1,0,2,1,4340,483.8,5.16,,2,High,Not Found,,,,,,,,,,,
P55058,Phospholipid transfer protein OS=Homo sapiens GN=PLTP PE=1 SV=1,4,2,2,493,54.7,7.01,,2,High,Not Found,,,,,,,,,,,
A0A0U1RRL5,ETS-related transcription factor Elf-1 (Fragment) OS=Homo sapiens GN=ELF1 PE=1 SV=1,3,2,2,615,67,5.21,,2,High,Not Found,,,,,,,,,,,
Q96PQ6,Zinc finger protein 317 OS=Homo sapiens GN=ZNF317 PE=1 SV=2,2,2,1,595,67.9,8.98,,1,High,Not Found,,,,,,,,,,,
Q9NW64,Pre-mRNA-splicing factor RBM22 OS=Homo sapiens GN=RBM22 PE=1 SV=1,4,2,2,420,46.9,8.54,,2,High,Not Found,,,,,,,,,,,
Q8N8A2-4,Isoform 4 of Serine/threonine-protein phosphatase 6 regulatory ankyrin repeat subunit B OS=Homo sapiens GN=ANKRD44,2,2,2,919,99.7,6.34,,2,High,Not Found,,,,,,,,,,,
M0QZK8,Uncharacterized protein OS=Homo sapiens PE=4 SV=1,9,2,1,103,11.6,4.92,,1,High,Not Found,,,,,,,,,,,
Q96HW7,Integrator complex subunit 4 OS=Homo sapiens GN=INTS4 PE=1 SV=2,2,2,2,963,108.1,6.44,,2,High,Not Found,,,,,,,,,,,
Q9Y696,Chloride intracellular channel protein 4 OS=Homo sapiens GN=CLIC4 PE=1 SV=4,7,2,2,253,28.8,5.59,,2,High,Not Found,,,,,,,,,,,
G3V1P5,Mediator of RNA polymerase II transcription subunit 15 OS=Homo sapiens GN=MED15 PE=1 SV=1,1,2,1,722,79.6,9.42,,1,High,Not Found,,,,,,,,,,,
P43250,G protein-coupled receptor kinase 6 OS=Homo sapiens GN=GRK6 PE=1 SV=2,3,2,2,576,65.9,8,,2,High,Not Found,,,,,,,,,,,
Q96L91,E1A-binding protein p400 OS=Homo sapiens GN=EP400 PE=1 SV=4,1,2,2,3159,343.3,9.19,,2,High,Not Found,,,,,,,,,,,
X6R3U4,Pleckstrin homology domain-containing family H member 3 OS=Homo sapiens GN=PLEKHH3 PE=1 SV=1,2,2,2,790,84.8,7.83,,2,High,Not Found,,,,,,,,,,,
H0YBS1,Integrator complex subunit 8 (Fragment) OS=Homo sapiens GN=INTS8 PE=1 SV=1,2,2,2,800,91.2,6.54,,2,High,Not Found,,,,,,,,,,,
P61513,60S ribosomal protein L37a OS=Homo sapiens GN=RPL37A PE=1 SV=2,18,2,1,92,10.3,10.43,,2,High,Not Found,,,,,,,,,,,
F5H552,Beta-citrylglutamate synthase B (Fragment) OS=Homo sapiens GN=RIMKLB PE=1 SV=1,5,2,1,170,19.5,10.11,,1,High,Not Found,,,,,,,,,,,
O95486,Protein transport protein Sec24A OS=Homo sapiens GN=SEC24A PE=1 SV=2,1,2,2,1093,119.7,7.66,,2,High,Not Found,,,,,,,,,,,
Q96PU8,Protein quaking OS=Homo sapiens GN=QKI PE=1 SV=1,3,2,2,341,37.6,8.56,,2,High,Not Found,,,,,,,,,,,
O75911,Short-chain dehydrogenase/reductase 3 OS=Homo sapiens GN=DHRS3 PE=1 SV=2,3,2,2,302,33.5,8.84,,2,High,Not Found,,,,,,,,,,,
O60343,TBC1 domain family member 4 OS=Homo sapiens GN=TBC1D4 PE=1 SV=2,1,2,2,1298,146.5,7.01,,2,High,Not Found,,,,,,,,,,,
H3BU23,Cerebellar degeneration-related protein 2 (Fragment) OS=Homo sapiens GN=CDR2 PE=1 SV=1,4,2,1,234,27,4.89,,1,High,Not Found,,,,,,,,,,,
Q5VWZ2-2,Isoform 2 of Lysophospholipase-like protein 1 OS=Homo sapiens GN=LYPLAL1,8,2,2,221,24.5,7.55,,2,High,Not Found,,,,,,,,,,,
Q8WXX7,Autism susceptibility gene 2 protein OS=Homo sapiens GN=AUTS2 PE=1 SV=1,1,2,2,1259,138.9,9.38,,2,High,Not Found,,,,,,,,,,,
P38435,Vitamin K-dependent gamma-carboxylase OS=Homo sapiens GN=GGCX PE=1 SV=2,1,2,1,758,87.5,8.02,,1,High,Not Found,,,,,,,,,,,
Q13177,Serine/threonine-protein kinase PAK 2 OS=Homo sapiens GN=PAK2 PE=1 SV=3,2,2,2,524,58,5.96,,2,High,Not Found,,,,,,,,,,,
B4DY09,Interleukin enhancer-binding factor 2 OS=Homo sapiens GN=ILF2 PE=1 SV=1,5,2,2,352,38.9,4.94,,2,High,Not Found,,,,,,,,,,,
Q9Y2L9-2,Isoform 2 of Leucine-rich repeat and calponin homology domain-containing protein 1 OS=Homo sapiens GN=LRCH1,3,2,2,696,77.2,5.88,,2,High,Not Found,,,,,,,,,,,
Q12873-3,Isoform 3 of Chromodomain-helicase-DNA-binding protein 3 OS=Homo sapiens GN=CHD3,1,2,1,2059,232.9,6.23,,2,High,Not Found,,,,,,,,,,,
F8VXU5,Vacuolar protein sorting-associated protein 29 OS=Homo sapiens GN=VPS29 PE=1 SV=1,4,2,2,214,24,8.18,,2,High,Not Found,,,,,,,,,,,
Q9NZD8,Maspardin OS=Homo sapiens GN=SPG21 PE=1 SV=1,5,2,2,308,34.9,6.28,,2,High,Not Found,,,,,,,,,,,
Q5SW79,Centrosomal protein of 170 kDa OS=Homo sapiens GN=CEP170 PE=1 SV=1,1,2,2,1584,175.2,7.11,,2,High,Not Found,,,,,,,,,,,
Q9H8E8,Cysteine-rich protein 2-binding protein OS=Homo sapiens GN=KAT14 PE=1 SV=3,1,2,1,782,88.8,6.57,,1,High,Not Found,,,,,,,,,,,
Q3V6T2,Girdin OS=Homo sapiens GN=CCDC88A PE=1 SV=2,1,2,2,1871,215.9,6.21,,2,High,Not Found,,,,,,,,,,,
P24278,Zinc finger and BTB domain-containing protein 25 OS=Homo sapiens GN=ZBTB25 PE=1 SV=2,5,2,2,435,49,6.55,,2,High,Not Found,,,,,,,,,,,
M0QXS5,Heterogeneous nuclear ribonucleoprotein L (Fragment) OS=Homo sapiens GN=HNRNPL PE=1 SV=1,3,2,2,530,58.4,6.79,,2,High,Not Found,,,,,,,,,,,
E9PRN1,High affinity immunoglobulin epsilon receptor subunit alpha OS=Homo sapiens GN=FCER1A PE=4 SV=1,4,2,1,224,25.8,6.1,,1,High,Not Found,,,,,,,,,,,
Q7Z4L5,Tetratricopeptide repeat protein 21B OS=Homo sapiens GN=TTC21B PE=1 SV=2,1,2,2,1316,150.8,6.96,,2,High,Not Found,,,,,,,,,,,
E7EVI4,Transforming acidic coiled-coil-containing protein 1 OS=Homo sapiens GN=TACC1 PE=1 SV=1,3,2,2,581,63.9,5.22,,2,High,Not Found,,,,,,,,,,,
O95183,Vesicle-associated membrane protein 5 OS=Homo sapiens GN=VAMP5 PE=1 SV=1,8,2,1,116,12.8,7.85,,1,High,Not Found,,,,,,,,,,,
Q12796,Proline-rich nuclear receptor coactivator 1 OS=Homo sapiens GN=PNRC1 PE=1 SV=1,4,2,2,327,35.2,10.51,,2,High,Not Found,,,,,,,,,,,
Q5JRA6-4,Isoform 4 of Melanoma inhibitory activity protein 3 OS=Homo sapiens GN=MIA3,2,2,2,785,87.4,6.83,,2,High,Not Found,,,,,,,,,,,
A0A0B4J1V8,HCG2039996 OS=Homo sapiens GN=PPAN-P2RY11 PE=3 SV=1,1,2,2,794,87.9,9.51,,2,High,Not Found,,,,,,,,,,,
Q14469,Transcription factor HES-1 OS=Homo sapiens GN=HES1 PE=1 SV=1,3,2,1,280,29.5,9.61,,1,High,Not Found,,,,,,,,,,,
Q5SZK8,FRAS1-related extracellular matrix protein 2 OS=Homo sapiens GN=FREM2 PE=1 SV=2,1,2,1,3169,350.9,5.03,,2,High,Not Found,,,,,,,,,,,
P01583,Interleukin-1 alpha OS=Homo sapiens GN=IL1A PE=1 SV=1,3,2,1,271,30.6,5.2,,1,High,Not Found,,,,,,,,,,,
Q14207,Protein NPAT OS=Homo sapiens GN=NPAT PE=1 SV=3,1,2,2,1427,154.2,5.88,,2,High,Not Found,,,,,,,,,,,
Q14651,Plastin-1 OS=Homo sapiens GN=PLS1 PE=1 SV=2,2,2,2,629,70.2,5.41,,2,High,Not Found,,,,,,,,,,,
M0R247,Heterogeneous nuclear ribonucleoprotein U-like protein 1 OS=Homo sapiens GN=HNRNPUL1 PE=1 SV=1,8,2,1,105,12.1,6.01,,1,High,Not Found,,,,,,,,,,,
M0QY91,"Succinate dehydrogenase assembly factor 2, mitochondrial OS=Homo sapiens GN=SDHAF2 PE=4 SV=1",32,2,1,28,3.2,9.85,,1,High,Not Found,,,,,,,,,,,
Q96GE4,Centrosomal protein of 95 kDa OS=Homo sapiens GN=CEP95 PE=1 SV=1,2,2,2,821,95.2,8.59,,2,High,Not Found,,,,,,,,,,,
O95429,BAG family molecular chaperone regulator 4 OS=Homo sapiens GN=BAG4 PE=1 SV=1,4,2,2,457,49.6,5.12,,2,High,Not Found,,,,,,,,,,,
P28749,Retinoblastoma-like protein 1 OS=Homo sapiens GN=RBL1 PE=1 SV=3,2,2,2,1068,120.8,7.5,,2,High,Not Found,,,,,,,,,,,
Q9NWV8,BRISC and BRCA1-A complex member 1 OS=Homo sapiens GN=BABAM1 PE=1 SV=1,5,2,2,329,36.5,4.64,,2,High,Not Found,,,,,,,,,,,
Q86WX3,Active regulator of SIRT1 OS=Homo sapiens GN=RPS19BP1 PE=1 SV=1,8,2,2,136,15.4,10.74,,2,High,Not Found,,,,,,,,,,,
V9GYN7,DnaJ homolog subfamily B member 12 (Fragment) OS=Homo sapiens GN=DNAJB12 PE=1 SV=1,7,2,2,276,31.2,8.85,,2,High,Not Found,,,,,,,,,,,
O15067,Phosphoribosylformylglycinamidine synthase OS=Homo sapiens GN=PFAS PE=1 SV=4,1,2,2,1338,144.6,5.76,,2,High,Not Found,,,,,,,,,,,
X6R4W8,BUB3-interacting and GLEBS motif-containing protein ZNF207 OS=Homo sapiens GN=ZNF207 PE=1 SV=1,2,2,1,497,52.6,8.47,,1,High,Not Found,,,,,,,,,,,
Q9Y6X3,MAU2 chromatid cohesion factor homolog OS=Homo sapiens GN=MAU2 PE=1 SV=2,1,2,1,613,69,7.25,,1,High,Not Found,,,,,,,,,,,
Q9UGH3,Solute carrier family 23 member 2 OS=Homo sapiens GN=SLC23A2 PE=1 SV=1,3,2,2,650,70.3,7.68,,2,High,Not Found,,,,,,,,,,,
P49321,Nuclear autoantigenic sperm protein OS=Homo sapiens GN=NASP PE=1 SV=2,1,2,1,788,85.2,4.3,,1,High,Not Found,,,,,,,,,,,
O95936-4,Isoform 4 of Eomesodermin homolog OS=Homo sapiens GN=EOMES,1,2,1,705,74.8,7.18,,1,High,Not Found,,,,,,,,,,,
Q96EL2,"28S ribosomal protein S24, mitochondrial OS=Homo sapiens GN=MRPS24 PE=1 SV=1",6,2,2,167,19,9.38,,2,High,Not Found,,,,,,,,,,,
Q9NX14,"NADH dehydrogenase [ubiquinone] 1 beta subcomplex subunit 11, mitochondrial OS=Homo sapiens GN=NDUFB11 PE=1 SV=1",25,2,2,153,17.3,5.22,,2,High,Not Found,,,,,,,,,,,
F1T0I1,Protein transport protein Sec16A OS=Homo sapiens GN=SEC16A PE=1 SV=1,1,2,2,2334,249.3,5.85,,2,High,Not Found,,,,,,,,,,,
O14929,Histone acetyltransferase type B catalytic subunit OS=Homo sapiens GN=HAT1 PE=1 SV=1,5,2,2,419,49.5,5.69,,2,High,Not Found,,,,,,,,,,,
Q96P16,Regulation of nuclear pre-mRNA domain-containing protein 1A OS=Homo sapiens GN=RPRD1A PE=1 SV=1,5,2,2,312,35.7,7.55,,2,High,Not Found,,,,,,,,,,,
Q8NCE2,Myotubularin-related protein 14 OS=Homo sapiens GN=MTMR14 PE=1 SV=2,1,1,1,650,72.2,6.24,,1,High,Not Found,,,,,,,,,,,
P38117-2,Isoform 2 of Electron transfer flavoprotein subunit beta OS=Homo sapiens GN=ETFB,3,1,1,346,37.4,7.17,,1,High,Not Found,,,,,,,,,,,
Q9NX55,Huntingtin-interacting protein K OS=Homo sapiens GN=HYPK PE=1 SV=2,7,1,1,129,14.7,4.93,,1,High,Not Found,,,,,,,,,,,
Q8N1G4,Leucine-rich repeat-containing protein 47 OS=Homo sapiens GN=LRRC47 PE=1 SV=1,2,1,1,583,63.4,8.28,,1,High,Not Found,,,,,,,,,,,
Q15428,Splicing factor 3A subunit 2 OS=Homo sapiens GN=SF3A2 PE=1 SV=2,2,1,1,464,49.2,9.64,,1,High,Not Found,,,,,,,,,,,
Q15126,Phosphomevalonate kinase OS=Homo sapiens GN=PMVK PE=1 SV=3,5,1,1,192,22,5.73,,1,High,Not Found,,,,,,,,,,,
Q9NVW2,E3 ubiquitin-protein ligase RLIM OS=Homo sapiens GN=RLIM PE=1 SV=3,1,1,1,624,68.5,7.56,,1,High,Not Found,,,,,,,,,,,
Q8N8A6,ATP-dependent RNA helicase DDX51 OS=Homo sapiens GN=DDX51 PE=1 SV=3,1,1,1,666,72.4,8.16,,1,High,Not Found,,,,,,,,,,,
Q8NBR0,Tumor protein p53-inducible protein 13 OS=Homo sapiens GN=TP53I13 PE=2 SV=1,2,1,1,393,42.2,10.98,,1,High,Not Found,,,,,,,,,,,
Q7Z5J4,Retinoic acid-induced protein 1 OS=Homo sapiens GN=RAI1 PE=1 SV=2,0,1,1,1906,203.2,8.79,,1,High,Not Found,,,,,,,,,,,
Q8WZ64,"Arf-GAP with Rho-GAP domain, ANK repeat and PH domain-containing protein 2 OS=Homo sapiens GN=ARAP2 PE=1 SV=3",1,1,1,1704,193.3,7.39,,1,High,Not Found,,,,,,,,,,,
Q7RTN6-6,Isoform 6 of STE20-related kinase adapter protein alpha OS=Homo sapiens GN=STRADA,3,1,1,314,34.6,6.68,,1,High,Not Found,,,,,,,,,,,
Q02539,Histone H1.1 OS=Homo sapiens GN=HIST1H1A PE=1 SV=3,4,1,1,215,21.8,10.99,,1,High,Not Found,,,,,,,,,,,
Q99808-2,Isoform 2 of Equilibrative nucleoside transporter 1 OS=Homo sapiens GN=SLC29A1,1,1,1,535,58.9,8.15,,1,High,Not Found,,,,,,,,,,,
Q9Y4H5,G-protein-signaling modulator 3 OS=Homo sapiens GN=G18.1a PE=2 SV=1,7,1,1,124,13.9,11.56,,1,High,Not Found,,,,,,,,,,,
Q99081,Transcription factor 12 OS=Homo sapiens GN=TCF12 PE=1 SV=1,1,1,1,682,72.9,7.02,,1,High,Not Found,,,,,,,,,,,
Q9UFF9,CCR4-NOT transcription complex subunit 8 OS=Homo sapiens GN=CNOT8 PE=1 SV=1,3,1,1,292,33.5,4.81,,1,High,Not Found,,,,,,,,,,,
O95249,Golgi SNAP receptor complex member 1 OS=Homo sapiens GN=GOSR1 PE=1 SV=1,4,1,1,250,28.6,9.42,,1,High,Not Found,,,,,,,,,,,
Q8IVS8-4,Isoform 4 of Glycerate kinase OS=Homo sapiens GN=GLYCTK,2,1,1,367,38.7,9.13,,1,High,Not Found,,,,,,,,,,,
Q53HC0,Coiled-coil domain-containing protein 92 OS=Homo sapiens GN=CCDC92 PE=1 SV=2,3,1,1,331,36.9,8.9,,1,High,Not Found,,,,,,,,,,,
Q13601,KRR1 small subunit processome component homolog OS=Homo sapiens GN=KRR1 PE=1 SV=4,3,1,1,381,43.6,9.77,,1,High,Not Found,,,,,,,,,,,
Q9H1D9,DNA-directed RNA polymerase III subunit RPC6 OS=Homo sapiens GN=POLR3F PE=1 SV=1,3,1,1,316,35.7,6.11,,1,High,Not Found,,,,,,,,,,,
O75368,SH3 domain-binding glutamic acid-rich-like protein OS=Homo sapiens GN=SH3BGRL PE=1 SV=1,8,1,1,114,12.8,5.25,,1,High,Not Found,,,,,,,,,,,
Q9Y3L3,SH3 domain-binding protein 1 OS=Homo sapiens GN=SH3BP1 PE=1 SV=3,1,1,1,701,75.7,6.77,,1,High,Not Found,,,,,,,,,,,
Q96LJ7,Dehydrogenase/reductase SDR family member 1 OS=Homo sapiens GN=DHRS1 PE=1 SV=1,3,1,1,313,33.9,7.83,,1,High,Not Found,,,,,,,,,,,
Q69YQ0,Cytospin-A OS=Homo sapiens GN=SPECC1L PE=1 SV=2,1,1,1,1117,124.5,5.72,,1,High,Not Found,,,,,,,,,,,
Q8WTW3,Conserved oligomeric Golgi complex subunit 1 OS=Homo sapiens GN=COG1 PE=1 SV=1,1,1,1,980,108.9,7.31,,1,High,Not Found,,,,,,,,,,,
O95336,6-phosphogluconolactonase OS=Homo sapiens GN=PGLS PE=1 SV=2,4,1,1,258,27.5,6.05,,1,High,Not Found,,,,,,,,,,,
Q8WVB3-2,Isoform 2 of Hexosaminidase D OS=Homo sapiens GN=HEXDC,2,1,1,585,63.5,8.29,,1,High,Not Found,,,,,,,,,,,
Q9P0J7,E3 ubiquitin-protein ligase KCMF1 OS=Homo sapiens GN=KCMF1 PE=1 SV=2,2,1,1,381,41.9,5.66,,1,High,Not Found,,,,,,,,,,,
Q8N183,"Mimitin, mitochondrial OS=Homo sapiens GN=NDUFAF2 PE=1 SV=1",5,1,1,169,19.8,8.97,,1,High,Not Found,,,,,,,,,,,
P09960,Leukotriene A-4 hydrolase OS=Homo sapiens GN=LTA4H PE=1 SV=2,2,1,1,611,69.2,6.18,,1,High,Not Found,,,,,,,,,,,
Q9HAP2,MLX-interacting protein OS=Homo sapiens GN=MLXIP PE=1 SV=2,1,1,1,919,101.1,8.35,,1,High,Not Found,,,,,,,,,,,
Q9BWT1,Cell division cycle-associated protein 7 OS=Homo sapiens GN=CDCA7 PE=1 SV=1,2,1,1,371,42.5,9.45,,1,High,Not Found,,,,,,,,,,,
Q92569,Phosphatidylinositol 3-kinase regulatory subunit gamma OS=Homo sapiens GN=PIK3R3 PE=1 SV=2,2,1,1,461,54.4,6.02,,1,High,Not Found,,,,,,,,,,,
A6NHX0,GATS-like protein 2 OS=Homo sapiens GN=GATSL2 PE=1 SV=3,3,1,1,329,36,5.16,,1,High,Not Found,,,,,,,,,,,
P34896,"Serine hydroxymethyltransferase, cytosolic OS=Homo sapiens GN=SHMT1 PE=1 SV=1",2,1,1,483,53,7.71,,1,High,Not Found,,,,,,,,,,,
Q15645,Pachytene checkpoint protein 2 homolog OS=Homo sapiens GN=TRIP13 PE=1 SV=2,2,1,1,432,48.5,6.09,,1,High,Not Found,,,,,,,,,,,
Q5VU43-3,Isoform 3 of Myomegalin OS=Homo sapiens GN=PDE4DIP,0,1,1,2240,253.9,5.36,,1,High,Not Found,,,,,,,,,,,
Q6UXB4,C-type lectin domain family 4 member G OS=Homo sapiens GN=CLEC4G PE=1 SV=1,3,1,1,293,32.5,6.61,,1,High,Not Found,,,,,,,,,,,
O15085,Rho guanine nucleotide exchange factor 11 OS=Homo sapiens GN=ARHGEF11 PE=1 SV=1,1,1,1,1522,167.6,5.5,,1,High,Not Found,,,,,,,,,,,
Q8N3V7,Synaptopodin OS=Homo sapiens GN=SYNPO PE=1 SV=2,1,1,1,929,99.4,8.72,,1,High,Not Found,,,,,,,,,,,
Q969Z3,Mitochondrial amidoxime reducing component 2 OS=Homo sapiens GN=MARC2 PE=1 SV=1,3,1,1,335,38,9.16,,1,High,Not Found,,,,,,,,,,,
Q08999,Retinoblastoma-like protein 2 OS=Homo sapiens GN=RBL2 PE=1 SV=3,1,1,1,1139,128.3,7.44,,1,High,Not Found,,,,,,,,,,,
I3L4C8,NADH dehydrogenase [ubiquinone] 1 alpha subcomplex assembly factor 8 (Fragment) OS=Homo sapiens GN=NDUFAF8 PE=4 SV=1,11,1,1,79,8.8,8.65,,1,High,Not Found,,,,,,,,,,,
Q9UH36,SRR1-like protein OS=Homo sapiens GN=SRRD PE=2 SV=1,3,1,1,339,38.5,5.41,,1,High,Not Found,,,,,,,,,,,
Q8TF20,Zinc finger protein 721 OS=Homo sapiens GN=ZNF721 PE=2 SV=2,2,1,1,911,105,9.45,,1,High,Not Found,,,,,,,,,,,
P52788,Spermine synthase OS=Homo sapiens GN=SMS PE=1 SV=2,2,1,1,366,41.2,5.02,,1,High,Not Found,,,,,,,,,,,
Q969K4,Ankyrin repeat and BTB/POZ domain-containing protein 1 OS=Homo sapiens GN=ABTB1 PE=1 SV=1,2,1,1,478,53.9,5.33,,1,High,Not Found,,,,,,,,,,,
Q86U42,Polyadenylate-binding protein 2 OS=Homo sapiens GN=PABPN1 PE=1 SV=3,3,1,1,306,32.7,5.06,,1,High,Not Found,,,,,,,,,,,
Q06945,Transcription factor SOX-4 OS=Homo sapiens GN=SOX4 PE=1 SV=1,2,1,1,474,47.2,7.36,,1,High,Not Found,,,,,,,,,,,
O95644,"Nuclear factor of activated T-cells, cytoplasmic 1 OS=Homo sapiens GN=NFATC1 PE=1 SV=3",1,1,1,943,101.2,6.99,,1,High,Not Found,,,,,,,,,,,
Q9Y2E8,Sodium/hydrogen exchanger 8 OS=Homo sapiens GN=SLC9A8 PE=1 SV=4,2,1,1,581,65.4,6.54,,1,High,Not Found,,,,,,,,,,,
Q5XUX1,F-box/WD repeat-containing protein 9 OS=Homo sapiens GN=FBXW9 PE=1 SV=2,2,1,1,488,54.1,6.48,,1,High,Not Found,,,,,,,,,,,
P13760,"HLA class II histocompatibility antigen, DRB1-4 beta chain OS=Homo sapiens GN=HLA-DRB1 PE=1 SV=1",6,1,1,266,30.1,7.18,,1,High,Not Found,,,,,,,,,,,
P40937,Replication factor C subunit 5 OS=Homo sapiens GN=RFC5 PE=1 SV=1,3,1,1,340,38.5,7.2,,1,High,Not Found,,,,,,,,,,,
Q5W0V3,Protein FAM160B1 OS=Homo sapiens GN=FAM160B1 PE=1 SV=1,1,1,1,765,86.5,5.29,,1,High,Not Found,,,,,,,,,,,
P41220,Regulator of G-protein signaling 2 OS=Homo sapiens GN=RGS2 PE=1 SV=1,4,1,1,211,24.4,8.91,,1,High,Not Found,,,,,,,,,,,
Q4AC94,C2 domain-containing protein 3 OS=Homo sapiens GN=C2CD3 PE=1 SV=4,0,1,1,2353,260.2,7.12,,1,High,Not Found,,,,,,,,,,,
Q99592,Zinc finger and BTB domain-containing protein 18 OS=Homo sapiens GN=ZBTB18 PE=1 SV=1,2,1,1,522,58.3,5.69,,1,High,Not Found,,,,,,,,,,,
P29375,Lysine-specific demethylase 5A OS=Homo sapiens GN=KDM5A PE=1 SV=3,1,1,1,1690,192,6.49,,1,High,Not Found,,,,,,,,,,,
Q9H9D4,Zinc finger protein 408 OS=Homo sapiens GN=ZNF408 PE=1 SV=1,1,1,1,720,78.4,7.24,,1,High,Not Found,,,,,,,,,,,
Q9BSF4,Mitochondrial import inner membrane translocase subunit Tim29 OS=Homo sapiens GN=TIMM29 PE=1 SV=2,4,1,1,260,29.2,8.09,,1,High,Not Found,,,,,,,,,,,
Q86WH2,Ras association domain-containing protein 3 OS=Homo sapiens GN=RASSF3 PE=1 SV=1,4,1,1,238,27.5,7.44,,1,High,Not Found,,,,,,,,,,,
O15056,Synaptojanin-2 OS=Homo sapiens GN=SYNJ2 PE=1 SV=3,1,1,1,1496,165.4,7.34,,1,High,Not Found,,,,,,,,,,,
Q8N4H5,Mitochondrial import receptor subunit TOM5 homolog OS=Homo sapiens GN=TOMM5 PE=1 SV=1,22,1,1,51,6,9.7,,1,High,Not Found,,,,,,,,,,,
D6RD47,40S ribosomal protein S23 OS=Homo sapiens GN=RPS23 PE=1 SV=1,7,1,1,134,14.8,10.23,,1,High,Not Found,,,,,,,,,,,
O75791,GRB2-related adapter protein 2 OS=Homo sapiens GN=GRAP2 PE=1 SV=1,3,1,1,330,37.9,6.95,,1,High,Not Found,,,,,,,,,,,
Q9UJA3,DNA helicase MCM8 OS=Homo sapiens GN=MCM8 PE=1 SV=2,1,1,1,840,93.6,7.75,,1,High,Not Found,,,,,,,,,,,
Q9H0P0,Cytosolic 5'-nucleotidase 3A OS=Homo sapiens GN=NT5C3A PE=1 SV=3,3,1,1,336,37.9,7.12,,1,High,Not Found,,,,,,,,,,,
B1AK63,Chromatin modification-related protein MEAF6 OS=Homo sapiens GN=MEAF6 PE=1 SV=1,5,1,1,169,19.2,9.07,,1,High,Not Found,,,,,,,,,,,
Q9H5V9,UPF0428 protein CXorf56 OS=Homo sapiens GN=CXorf56 PE=1 SV=1,4,1,1,222,25.6,8.73,,1,High,Not Found,,,,,,,,,,,
O43482,Protein Mis18-beta OS=Homo sapiens GN=OIP5 PE=1 SV=2,4,1,1,229,24.7,7.37,,1,High,Not Found,,,,,,,,,,,
A0A0D9SEJ8,"Suppressor of hairy wing homolog 2 (Drosophila), isoform CRA_b OS=Homo sapiens GN=ZNF280B PE=1 SV=1",2,1,1,543,61.5,7.8,,1,High,Not Found,,,,,,,,,,,
Q9HCL2,"Glycerol-3-phosphate acyltransferase 1, mitochondrial OS=Homo sapiens GN=GPAM PE=1 SV=3",1,1,1,828,93.7,7.74,,1,High,Not Found,,,,,,,,,,,
P46783,40S ribosomal protein S10 OS=Homo sapiens GN=RPS10 PE=1 SV=1,5,1,1,165,18.9,10.15,,1,High,Not Found,,,,,,,,,,,
Q7Z3E5,LisH domain-containing protein ARMC9 OS=Homo sapiens GN=ARMC9 PE=1 SV=2,1,1,1,817,91.7,6.2,,1,High,Not Found,,,,,,,,,,,
P61086,Ubiquitin-conjugating enzyme E2 K OS=Homo sapiens GN=UBE2K PE=1 SV=3,4,1,1,200,22.4,5.44,,1,High,Not Found,,,,,,,,,,,
A0A0A0MP75,Zinc finger protein 180 OS=Homo sapiens GN=ZNF180 PE=1 SV=1,1,1,1,665,76.3,7.93,,1,High,Not Found,,,,,,,,,,,
Q4G0N4,"NAD kinase 2, mitochondrial OS=Homo sapiens GN=NADK2 PE=1 SV=2",3,1,1,442,49.4,8.18,,1,High,Not Found,,,,,,,,,,,
Q63HK3,Zinc finger protein with KRAB and SCAN domains 2 OS=Homo sapiens GN=ZKSCAN2 PE=1 SV=2,1,1,1,967,110.9,8.35,,1,High,Not Found,,,,,,,,,,,
Q5VTL8,Pre-mRNA-splicing factor 38B OS=Homo sapiens GN=PRPF38B PE=1 SV=1,1,1,1,546,64.4,10.54,,1,High,Not Found,,,,,,,,,,,
Q9UJU6,Drebrin-like protein OS=Homo sapiens GN=DBNL PE=1 SV=1,3,1,1,430,48.2,5.05,,1,High,Not Found,,,,,,,,,,,
Q96MT1,RING finger protein 145 OS=Homo sapiens GN=RNF145 PE=2 SV=2,1,1,1,663,75.6,6.84,,1,High,Not Found,,,,,,,,,,,
Q8NDD1,Uncharacterized protein C1orf131 OS=Homo sapiens GN=C1orf131 PE=1 SV=3,3,1,1,294,32.7,9.92,,1,High,Not Found,,,,,,,,,,,
X6RLR1,Dynactin subunit 3 OS=Homo sapiens GN=DCTN3 PE=1 SV=1,5,1,1,176,19.9,6.8,,1,High,Not Found,,,,,,,,,,,
Q9BZD2,Equilibrative nucleoside transporter 3 OS=Homo sapiens GN=SLC29A3 PE=1 SV=3,2,1,1,475,51.8,7.78,,1,High,Not Found,,,,,,,,,,,
C9JSE3,Fanconi anemia group G protein (Fragment) OS=Homo sapiens GN=FANCG PE=1 SV=1,4,1,1,215,23.7,5.43,,1,High,Not Found,,,,,,,,,,,
F8VUC8,2'-5'-oligoadenylate synthase 1 OS=Homo sapiens GN=OAS1 PE=1 SV=1,6,1,1,177,19.9,7.69,,1,High,Not Found,,,,,,,,,,,
O95551,Tyrosyl-DNA phosphodiesterase 2 OS=Homo sapiens GN=TDP2 PE=1 SV=1,2,1,1,362,40.9,5.1,,1,High,Not Found,,,,,,,,,,,
Q9BRJ9,Mesoderm posterior protein 1 OS=Homo sapiens GN=MESP1 PE=2 SV=1,3,1,1,268,28.5,8.9,,1,High,Not Found,,,,,,,,,,,
A0A0C4DGT8,Round spermatid basic protein 1 OS=Homo sapiens GN=RSBN1 PE=1 SV=1,1,1,1,685,77.3,7.36,,1,High,Not Found,,,,,,,,,,,
A0A0C4DG33,Peroxisome biogenesis factor 1 OS=Homo sapiens GN=PEX1 PE=1 SV=1,1,1,1,1226,136.5,6.47,,1,High,Not Found,,,,,,,,,,,
Q05397,Focal adhesion kinase 1 OS=Homo sapiens GN=PTK2 PE=1 SV=2,1,1,1,1052,119.2,6.62,,1,High,Not Found,,,,,,,,,,,
O95757,Heat shock 70 kDa protein 4L OS=Homo sapiens GN=HSPA4L PE=1 SV=3,1,1,1,839,94.5,5.88,,1,High,Not Found,,,,,,,,,,,
Q8TF72,Protein Shroom3 OS=Homo sapiens GN=SHROOM3 PE=1 SV=2,0,1,1,1996,216.7,7.8,,1,High,Not Found,,,,,,,,,,,
O75937,DnaJ homolog subfamily C member 8 OS=Homo sapiens GN=DNAJC8 PE=1 SV=2,4,1,1,253,29.8,9.06,,1,High,Not Found,,,,,,,,,,,
Q8N531,F-box/LRR-repeat protein 6 OS=Homo sapiens GN=FBXL6 PE=2 SV=1,2,1,1,539,58.6,9.29,,1,High,Not Found,,,,,,,,,,,
P35580,Myosin-10 OS=Homo sapiens GN=MYH10 PE=1 SV=3,1,1,1,1976,228.9,5.54,,1,High,Not Found,,,,,,,,,,,
B5MDF5,GTP-binding nuclear protein Ran OS=Homo sapiens GN=RAN PE=1 SV=1,4,1,1,233,26.2,7.01,,1,High,Not Found,,,,,,,,,,,
O75204,Transmembrane protein 127 OS=Homo sapiens GN=TMEM127 PE=1 SV=1,4,1,1,238,25.8,6.71,,1,High,Not Found,,,,,,,,,,,
Q9BVI4,Nucleolar complex protein 4 homolog OS=Homo sapiens GN=NOC4L PE=1 SV=1,2,1,1,516,58.4,7.49,,1,High,Not Found,,,,,,,,,,,
P25942,Tumor necrosis factor receptor superfamily member 5 OS=Homo sapiens GN=CD40 PE=1 SV=1,3,1,1,277,30.6,5.76,,1,High,Not Found,,,,,,,,,,,
P30154-2,Isoform 2 of Serine/threonine-protein phosphatase 2A 65 kDa regulatory subunit A beta isoform OS=Homo sapiens GN=PPP2R1B,2,1,1,667,73.5,5.07,,1,High,Not Found,,,,,,,,,,,
Q6NUQ1,RAD50-interacting protein 1 OS=Homo sapiens GN=RINT1 PE=1 SV=1,1,1,1,792,90.6,5.45,,1,High,Not Found,,,,,,,,,,,
Q99538,Legumain OS=Homo sapiens GN=LGMN PE=1 SV=1,2,1,1,433,49.4,6.55,,1,High,Not Found,,,,,,,,,,,
Q9BVK8,Transmembrane protein 147 OS=Homo sapiens GN=TMEM147 PE=1 SV=1,4,1,1,224,25.2,7.71,,1,High,Not Found,,,,,,,,,,,
Q9ULT0-4,Isoform 3 of Tetratricopeptide repeat protein 7A OS=Homo sapiens GN=TTC7A,1,1,1,882,98.9,6.46,,1,High,Not Found,,,,,,,,,,,
Q7Z7A1,Centriolin OS=Homo sapiens GN=CNTRL PE=1 SV=2,0,1,1,2325,268.7,5.55,,1,High,Not Found,,,,,,,,,,,
Q6NS38,DNA oxidative demethylase ALKBH2 OS=Homo sapiens GN=ALKBH2 PE=1 SV=1,4,1,1,261,29.3,9.66,,1,High,Not Found,,,,,,,,,,,
O95394,Phosphoacetylglucosamine mutase OS=Homo sapiens GN=PGM3 PE=1 SV=1,1,1,1,542,59.8,6.25,,1,High,Not Found,,,,,,,,,,,
Q53R41,"FAST kinase domain-containing protein 1, mitochondrial OS=Homo sapiens GN=FASTKD1 PE=1 SV=1",1,1,1,847,97.3,7.74,,1,High,Not Found,,,,,,,,,,,
Q06330,Recombining binding protein suppressor of hairless OS=Homo sapiens GN=RBPJ PE=1 SV=3,2,1,1,500,55.6,7.18,,1,High,Not Found,,,,,,,,,,,
P35790,Choline kinase alpha OS=Homo sapiens GN=CHKA PE=1 SV=3,2,1,1,457,52.2,6.55,,1,High,Not Found,,,,,,,,,,,
Q5TA45,Integrator complex subunit 11 OS=Homo sapiens GN=CPSF3L PE=1 SV=2,2,1,1,600,67.6,8.06,,1,High,Not Found,,,,,,,,,,,
A0A087WSX8,Leukocyte immunoglobulin-like receptor subfamily B member 1 OS=Homo sapiens GN=LILRB1 PE=1 SV=1,1,1,1,651,70.9,6.05,,1,High,Not Found,,,,,,,,,,,
P26022,Pentraxin-related protein PTX3 OS=Homo sapiens GN=PTX3 PE=1 SV=3,2,1,1,381,41.9,5.01,,1,High,Not Found,,,,,,,,,,,
P54277,PMS1 protein homolog 1 OS=Homo sapiens GN=PMS1 PE=1 SV=1,1,1,1,932,105.8,6.67,,1,High,Not Found,,,,,,,,,,,
Q8IYA6,Cytoskeleton-associated protein 2-like OS=Homo sapiens GN=CKAP2L PE=1 SV=4,1,1,1,745,83.5,9.83,,1,High,Not Found,,,,,,,,,,,
D6RJ90,"COMM domain containing 10, isoform CRA_b OS=Homo sapiens GN=COMMD10 PE=1 SV=1",5,1,1,188,21.5,6.54,,1,High,Not Found,,,,,,,,,,,
Q9NPD3,Exosome complex component RRP41 OS=Homo sapiens GN=EXOSC4 PE=1 SV=3,4,1,1,245,26.4,6.52,,1,High,Not Found,,,,,,,,,,,
A0A075B6H6,Ig kappa chain C region (Fragment) OS=Homo sapiens GN=IGKC PE=1 SV=1,7,1,1,107,11.7,5.87,,1,High,Not Found,,,,,,,,,,,
F5H5B9,STAM-binding protein OS=Homo sapiens GN=STAMBP PE=1 SV=1,4,1,1,209,24.6,6.18,,1,High,Not Found,,,,,,,,,,,
O00483,Cytochrome c oxidase subunit NDUFA4 OS=Homo sapiens GN=NDUFA4 PE=1 SV=1,11,1,1,81,9.4,9.38,,1,High,Not Found,,,,,,,,,,,
E9PRZ1,Protein SAAL1 OS=Homo sapiens GN=SAAL1 PE=1 SV=1,2,1,1,476,53.8,4.54,,1,High,Not Found,,,,,,,,,,,
P08621,U1 small nuclear ribonucleoprotein 70 kDa OS=Homo sapiens GN=SNRNP70 PE=1 SV=2,2,1,1,437,51.5,9.94,,1,High,Not Found,,,,,,,,,,,
Q86UX7,Fermitin family homolog 3 OS=Homo sapiens GN=FERMT3 PE=1 SV=1,1,1,1,667,75.9,6.98,,1,High,Not Found,,,,,,,,,,,
Q92890-1,Isoform Long of Ubiquitin fusion degradation protein 1 homolog OS=Homo sapiens GN=UFD1L,3,1,1,343,38.7,6.34,,1,High,Not Found,,,,,,,,,,,
Q14832,Metabotropic glutamate receptor 3 OS=Homo sapiens GN=GRM3 PE=1 SV=2,1,1,1,879,98.8,7.66,,1,High,Not Found,,,,,,,,,,,
H0YMB0,Interferon regulatory factor 9 OS=Homo sapiens GN=IRF9 PE=1 SV=1,3,1,1,353,38.3,4.97,,1,High,Not Found,,,,,,,,,,,
Q01432,AMP deaminase 3 OS=Homo sapiens GN=AMPD3 PE=1 SV=1,1,1,1,767,88.8,6.98,,1,High,Not Found,,,,,,,,,,,
O94868,F-BAR and double SH3 domains protein 2 OS=Homo sapiens GN=FCHSD2 PE=1 SV=3,1,1,1,740,84.2,5.77,,1,High,Not Found,,,,,,,,,,,
Q96T76,MMS19 nucleotide excision repair protein homolog OS=Homo sapiens GN=MMS19 PE=1 SV=2,1,1,1,1030,113.2,6.35,,1,High,Not Found,,,,,,,,,,,
A0A0A0MR51,Fatty acid desaturase 1 OS=Homo sapiens GN=FADS1 PE=1 SV=1,2,1,1,501,57.8,9.48,,1,High,Not Found,,,,,,,,,,,
Q96G74-3,Isoform 3 of OTU domain-containing protein 5 OS=Homo sapiens GN=OTUD5,2,1,1,561,59.6,6.6,,1,High,Not Found,,,,,,,,,,,
D6RDH9,Sorting nexin-14 OS=Homo sapiens GN=SNX14 PE=1 SV=1,2,1,1,665,77.9,7.99,,1,High,Not Found,,,,,,,,,,,
Q9BXJ9,"N-alpha-acetyltransferase 15, NatA auxiliary subunit OS=Homo sapiens GN=NAA15 PE=1 SV=1",1,1,1,866,101.2,7.42,,1,High,Not Found,,,,,,,,,,,
Q15048,Leucine-rich repeat-containing protein 14 OS=Homo sapiens GN=LRRC14 PE=2 SV=1,2,1,1,493,54.5,6.9,,1,High,Not Found,,,,,,,,,,,
Q99437,V-type proton ATPase 21 kDa proteolipid subunit OS=Homo sapiens GN=ATP6V0B PE=2 SV=1,4,1,1,205,21.4,7.72,,1,High,Not Found,,,,,,,,,,,
M0R2M1,Alpha-soluble NSF attachment protein (Fragment) OS=Homo sapiens GN=NAPA PE=1 SV=1,4,1,1,268,29.8,5.39,,1,High,Not Found,,,,,,,,,,,
Q12906,Interleukin enhancer-binding factor 3 OS=Homo sapiens GN=ILF3 PE=1 SV=3,1,1,1,894,95.3,8.76,,1,High,Not Found,,,,,,,,,,,
P51805,Plexin-A3 OS=Homo sapiens GN=PLXNA3 PE=1 SV=2,0,1,1,1871,207.6,7.31,,1,High,Not Found,,,,,,,,,,,
F8W8S8,Myotubularin-related protein 1 (Fragment) OS=Homo sapiens GN=MTMR1 PE=1 SV=1,10,1,1,90,10,5.87,,1,High,Not Found,,,,,,,,,,,
Q5T280,Putative methyltransferase C9orf114 OS=Homo sapiens GN=C9orf114 PE=1 SV=3,2,1,1,376,42,7.43,,1,High,Not Found,,,,,,,,,,,
A0A1B0GWA0,Zinc finger protein 654 OS=Homo sapiens GN=ZNF654 PE=1 SV=1,1,1,1,1128,127.8,5.27,,1,High,Not Found,,,,,,,,,,,
K7ELW0,Protein deglycase DJ-1 OS=Homo sapiens GN=PARK7 PE=1 SV=1,5,1,1,169,17.9,7.87,,1,High,Not Found,,,,,,,,,,,
E7ETZ8,Microtubule-associated protein 9 OS=Homo sapiens GN=MAP9 PE=1 SV=1,1,1,1,623,71.4,8.56,,1,High,Not Found,,,,,,,,,,,
Q8WZ19,BTB/POZ domain-containing adapter for CUL3-mediated RhoA degradation protein 1 OS=Homo sapiens GN=KCTD13 PE=1 SV=1,3,1,1,329,36.3,7.23,,1,High,Not Found,,,,,,,,,,,
C9JVA8,Serpin B8 (Fragment) OS=Homo sapiens GN=SERPINB8 PE=1 SV=1,5,1,1,164,18.3,4.75,,1,High,Not Found,,,,,,,,,,,
Q8TED0,U3 small nucleolar RNA-associated protein 15 homolog OS=Homo sapiens GN=UTP15 PE=1 SV=3,1,1,1,518,58.4,9.11,,1,High,Not Found,,,,,,,,,,,
Q12929,Epidermal growth factor receptor kinase substrate 8 OS=Homo sapiens GN=EPS8 PE=1 SV=1,1,1,1,822,91.8,7.5,,1,High,Not Found,,,,,,,,,,,
Q92733,Proline-rich protein PRCC OS=Homo sapiens GN=PRCC PE=1 SV=1,2,1,1,491,52.4,5.1,,1,High,Not Found,,,,,,,,,,,
O15530,3-phosphoinositide-dependent protein kinase 1 OS=Homo sapiens GN=PDPK1 PE=1 SV=1,2,1,1,556,63.1,7.36,,1,High,Not Found,,,,,,,,,,,
P53365,Arfaptin-2 OS=Homo sapiens GN=ARFIP2 PE=1 SV=1,3,1,1,341,37.8,6.04,,1,High,Not Found,,,,,,,,,,,
Q6UW02,Cytochrome P450 20A1 OS=Homo sapiens GN=CYP20A1 PE=1 SV=1,2,1,1,462,52.4,6.21,,1,High,Not Found,,,,,,,,,,,
D6RC73,C-C motif chemokine 28 OS=Homo sapiens GN=CCL28 PE=1 SV=1,11,1,1,80,9.3,10.49,,1,High,Not Found,,,,,,,,,,,
Q8IXM6,Nurim OS=Homo sapiens GN=NRM PE=1 SV=1,3,1,1,262,29.4,8.63,,1,High,Not Found,,,,,,,,,,,
Q5T4F4,Protrudin OS=Homo sapiens GN=ZFYVE27 PE=1 SV=1,2,1,1,411,45.8,5.15,,1,High,Not Found,,,,,,,,,,,
O14682,Ectoderm-neural cortex protein 1 OS=Homo sapiens GN=ENC1 PE=1 SV=2,2,1,1,589,66.1,6.84,,1,High,Not Found,,,,,,,,,,,
Q9H1M0,Nucleoporin-62 C-terminal-like protein OS=Homo sapiens GN=NUP62CL PE=1 SV=3,5,1,1,184,20.8,4.48,,1,High,Not Found,,,,,,,,,,,
Q9UK33,Zinc finger protein 580 OS=Homo sapiens GN=ZNF580 PE=1 SV=1,5,1,1,172,18.7,10.08,,1,High,Not Found,,,,,,,,,,,
H0Y9B7,LEM domain-containing protein 2 (Fragment) OS=Homo sapiens GN=LEMD2 PE=1 SV=1,11,1,1,85,10.2,5.83,,1,High,Not Found,,,,,,,,,,,
Q9HC44,Vasculin-like protein 1 OS=Homo sapiens GN=GPBP1L1 PE=1 SV=1,2,1,1,474,52.3,6.84,,1,High,Not Found,,,,,,,,,,,
A0A0A0MR02,Voltage-dependent anion-selective channel protein 2 (Fragment) OS=Homo sapiens GN=VDAC2 PE=1 SV=1,4,1,1,282,30.3,7.81,,1,High,Not Found,,,,,,,,,,,
Q13885,Tubulin beta-2A chain OS=Homo sapiens GN=TUBB2A PE=1 SV=1,2,1,1,445,49.9,4.89,,1,High,Not Found,,,,,,,,,,,
Q9NYY8,"FAST kinase domain-containing protein 2, mitochondrial OS=Homo sapiens GN=FASTKD2 PE=1 SV=1",1,1,1,710,81.4,8.05,,1,High,Not Found,,,,,,,,,,,
D6RFI0,Sideroflexin-1 (Fragment) OS=Homo sapiens GN=SFXN1 PE=1 SV=8,5,1,1,193,21.4,8.02,,1,High,Not Found,,,,,,,,,,,
Q7Z695,Uncharacterized aarF domain-containing protein kinase 2 OS=Homo sapiens GN=ADCK2 PE=2 SV=1,2,1,1,626,68.9,8.76,,1,High,Not Found,,,,,,,,,,,
Q6ZRQ5,Protein MMS22-like OS=Homo sapiens GN=MMS22L PE=1 SV=3,1,1,1,1243,142.2,7.12,,1,High,Not Found,,,,,,,,,,,
Q9NR45,Sialic acid synthase OS=Homo sapiens GN=NANS PE=1 SV=2,3,1,1,359,40.3,6.74,,1,High,Not Found,,,,,,,,,,,
P51668,Ubiquitin-conjugating enzyme E2 D1 OS=Homo sapiens GN=UBE2D1 PE=1 SV=1,5,1,1,147,16.6,7.42,,1,High,Not Found,,,,,,,,,,,
A0A075B7B4,Inhibitor of nuclear factor kappa-B kinase subunit epsilon OS=Homo sapiens GN=IKBKE PE=1 SV=1,1,1,1,657,73.7,8.1,,1,High,Not Found,,,,,,,,,,,
O43182,Rho GTPase-activating protein 6 OS=Homo sapiens GN=ARHGAP6 PE=1 SV=3,1,1,1,974,105.9,7.36,,1,High,Not Found,,,,,,,,,,,
Q9UKV5,E3 ubiquitin-protein ligase AMFR OS=Homo sapiens GN=AMFR PE=1 SV=2,1,1,1,643,72.9,6.39,,1,High,Not Found,,,,,,,,,,,
E5RHT9,Transcription and mRNA export factor ENY2 OS=Homo sapiens GN=ENY2 PE=1 SV=1,19,1,1,53,6.1,9.57,,1,High,Not Found,,,,,,,,,,,
B7ZKQ9,SCARB1 protein OS=Homo sapiens GN=SCARB1 PE=1 SV=1,2,1,1,481,53.8,7.85,,1,High,Not Found,,,,,,,,,,,
A0A0G2JNK5,tRNA-splicing endonuclease subunit Sen34 (Fragment) OS=Homo sapiens GN=TSEN34 PE=1 SV=1,4,1,1,252,27.3,9.51,,1,High,Not Found,,,,,,,,,,,
P13667,Protein disulfide-isomerase A4 OS=Homo sapiens GN=PDIA4 PE=1 SV=2,1,1,1,645,72.9,5.07,,1,High,Not Found,,,,,,,,,,,
Q71UM5,40S ribosomal protein S27-like OS=Homo sapiens GN=RPS27L PE=1 SV=3,11,1,1,84,9.5,9.45,,1,High,Not Found,,,,,,,,,,,
Q8IUC6,TIR domain-containing adapter molecule 1 OS=Homo sapiens GN=TICAM1 PE=1 SV=1,1,1,1,712,76.4,5.41,,1,High,Not Found,,,,,,,,,,,
Q68D06,Schlafen family member 13 OS=Homo sapiens GN=SLFN13 PE=2 SV=1,1,1,1,897,102,6.96,,1,High,Not Found,,,,,,,,,,,
Q68DC0,MDM4 protein variant G OS=Homo sapiens GN=DKFZp781B1423 PE=1 SV=1,6,1,1,140,15.9,9.61,,1,High,Not Found,,,,,,,,,,,
E7EQI7,Protein WASHC5 OS=Homo sapiens GN=WASHC5 PE=1 SV=1,1,1,1,1011,117,8.27,,1,High,Not Found,,,,,,,,,,,
E9PGM4,"1,4-alpha-glucan-branching enzyme OS=Homo sapiens GN=GBE1 PE=1 SV=1",1,1,1,661,75.9,6.58,,1,High,Not Found,,,,,,,,,,,
P13236,C-C motif chemokine 4 OS=Homo sapiens GN=CCL4 PE=1 SV=1,11,1,1,92,10.2,5.25,,1,High,Not Found,,,,,,,,,,,
A0A0J9YYL3,Poly(U)-binding-splicing factor PUF60 (Fragment) OS=Homo sapiens GN=PUF60 PE=1 SV=1,2,1,1,505,54.6,5.34,,1,High,Not Found,,,,,,,,,,,
Q9BVA0,Katanin p80 WD40 repeat-containing subunit B1 OS=Homo sapiens GN=KATNB1 PE=1 SV=1,1,1,1,655,72.3,7.56,,1,High,Not Found,,,,,,,,,,,
Q5I0G2,Growth hormone A1 OS=Homo sapiens GN=PRL PE=1 SV=1,4,1,1,228,25.9,6.98,,1,High,Not Found,,,,,,,,,,,
Q8N3P4,Vacuolar protein sorting-associated protein 8 homolog OS=Homo sapiens GN=VPS8 PE=1 SV=3,1,1,1,1428,161.7,5.64,,1,High,Not Found,,,,,,,,,,,
Q7L1T6,Cytochrome b5 reductase 4 OS=Homo sapiens GN=CYB5R4 PE=1 SV=1,2,1,1,521,59.4,7.72,,1,High,Not Found,,,,,,,,,,,
Q8TF40,Folliculin-interacting protein 1 OS=Homo sapiens GN=FNIP1 PE=1 SV=3,1,1,1,1166,130.5,5.52,,1,High,Not Found,,,,,,,,,,,
Q9HBE1,"POZ-, AT hook-, and zinc finger-containing protein 1 OS=Homo sapiens GN=PATZ1 PE=1 SV=1",1,1,1,687,74,8.35,,1,High,Not Found,,,,,,,,,,,
Q8TF46,DIS3-like exonuclease 1 OS=Homo sapiens GN=DIS3L PE=1 SV=2,1,1,1,1054,120.7,6.54,,1,High,Not Found,,,,,,,,,,,
O00463,TNF receptor-associated factor 5 OS=Homo sapiens GN=TRAF5 PE=1 SV=2,2,1,1,557,64.4,7.43,,1,High,Not Found,,,,,,,,,,,
H0YL99,"28S ribosomal protein S11, mitochondrial OS=Homo sapiens GN=MRPS11 PE=1 SV=1",8,1,1,118,13,10.2,,1,High,Not Found,,,,,,,,,,,
Q13105,Zinc finger and BTB domain-containing protein 17 OS=Homo sapiens GN=ZBTB17 PE=1 SV=3,1,1,1,803,87.9,6.44,,1,High,Not Found,,,,,,,,,,,
Q9Y2I1,Nischarin OS=Homo sapiens GN=NISCH PE=1 SV=3,1,1,1,1504,166.5,5.14,,1,High,Not Found,,,,,,,,,,,
O15165,Low-density lipoprotein receptor class A domain-containing protein 4 OS=Homo sapiens GN=LDLRAD4 PE=1 SV=1,3,1,1,306,33.9,6.28,,1,High,Not Found,,,,,,,,,,,
Q9NQZ2,Something about silencing protein 10 OS=Homo sapiens GN=UTP3 PE=1 SV=1,2,1,1,479,54.5,5.62,,1,High,Not Found,,,,,,,,,,,
P60510,Serine/threonine-protein phosphatase 4 catalytic subunit OS=Homo sapiens GN=PPP4C PE=1 SV=1,3,1,1,307,35.1,5.06,,1,High,Not Found,,,,,,,,,,,
Q9NRD5,PRKCA-binding protein OS=Homo sapiens GN=PICK1 PE=1 SV=2,2,1,1,415,46.6,5.3,,1,High,Not Found,,,,,,,,,,,
Q07666,"KH domain-containing, RNA-binding, signal transduction-associated protein 1 OS=Homo sapiens GN=KHDRBS1 PE=1 SV=1",2,1,1,443,48.2,8.66,,1,High,Not Found,,,,,,,,,,,
P17858,"ATP-dependent 6-phosphofructokinase, liver type OS=Homo sapiens GN=PFKL PE=1 SV=6",1,1,1,780,85,7.5,,1,High,Not Found,,,,,,,,,,,
Q96ER9,Coiled-coil domain-containing protein 51 OS=Homo sapiens GN=CCDC51 PE=1 SV=2,2,1,1,411,45.8,8.19,,1,High,Not Found,,,,,,,,,,,
Q13596,Sorting nexin-1 OS=Homo sapiens GN=SNX1 PE=1 SV=3,2,1,1,522,59,5.15,,1,High,Not Found,,,,,,,,,,,
Q9BUK0,Coiled-coil-helix-coiled-coil-helix domain-containing protein 7 OS=Homo sapiens GN=CHCHD7 PE=1 SV=1,12,1,1,85,10.1,8.82,,1,High,Not Found,,,,,,,,,,,
Q5T1V6,Probable ATP-dependent RNA helicase DDX59 OS=Homo sapiens GN=DDX59 PE=1 SV=1,1,1,1,619,68.8,7.44,,1,High,Not Found,,,,,,,,,,,
Q9P021,Cysteine-rich PDZ-binding protein OS=Homo sapiens GN=CRIPT PE=1 SV=1,9,1,1,101,11.2,9.47,,1,High,Not Found,,,,,,,,,,,
E9PRH5,Zinc finger protein 692 (Fragment) OS=Homo sapiens GN=ZNF692 PE=1 SV=1,7,1,1,132,14.5,9.03,,1,High,Not Found,,,,,,,,,,,
Q8TBB0,THAP domain-containing protein 6 OS=Homo sapiens GN=THAP6 PE=1 SV=1,4,1,1,222,25.7,8.7,,1,High,Not Found,,,,,,,,,,,
Q9Y316,Protein MEMO1 OS=Homo sapiens GN=MEMO1 PE=1 SV=1,3,1,1,297,33.7,7.14,,1,High,Not Found,,,,,,,,,,,
Q76I76-2,Isoform 2 of Protein phosphatase Slingshot homolog 2 OS=Homo sapiens GN=SSH2,5,1,1,202,22.5,8.21,,1,High,Not Found,,,,,,,,,,,
Q9Y4E8,Ubiquitin carboxyl-terminal hydrolase 15 OS=Homo sapiens GN=USP15 PE=1 SV=3,1,1,1,981,112.3,5.22,,1,High,Not Found,,,,,,,,,,,
Q9BRL7-2,Isoform 2 of Vesicle-trafficking protein SEC22c OS=Homo sapiens GN=SEC22C,4,1,1,250,28.1,5.36,,1,High,Not Found,,,,,,,,,,,
C9JYA1,Nucleoporin-like protein 2 (Fragment) OS=Homo sapiens GN=NUPL2 PE=1 SV=1,2,1,1,435,46.4,9.25,,1,High,Not Found,,,,,,,,,,,
Q6P0Q8,Microtubule-associated serine/threonine-protein kinase 2 OS=Homo sapiens GN=MAST2 PE=1 SV=2,1,1,1,1798,196.3,8.16,,1,High,Not Found,,,,,,,,,,,
O43513,Mediator of RNA polymerase II transcription subunit 7 OS=Homo sapiens GN=MED7 PE=1 SV=1,4,1,1,233,27.2,5.78,,1,High,Not Found,,,,,,,,,,,
O95243,Methyl-CpG-binding domain protein 4 OS=Homo sapiens GN=MBD4 PE=1 SV=1,2,1,1,580,66,8.82,,1,High,Not Found,,,,,,,,,,,
Q5J8M3,ER membrane protein complex subunit 4 OS=Homo sapiens GN=EMC4 PE=1 SV=2,7,1,1,183,20.1,8.62,,1,High,Not Found,,,,,,,,,,,
Q86W34,Archaemetzincin-2 OS=Homo sapiens GN=AMZ2 PE=1 SV=2,3,1,1,360,41.2,8.15,,1,High,Not Found,,,,,,,,,,,
Q9UJA5,tRNA (adenine(58)-N(1))-methyltransferase non-catalytic subunit TRM6 OS=Homo sapiens GN=TRMT6 PE=1 SV=1,2,1,1,497,55.8,7.55,,1,High,Not Found,,,,,,,,,,,
Q8N6H7,ADP-ribosylation factor GTPase-activating protein 2 OS=Homo sapiens GN=ARFGAP2 PE=1 SV=1,2,1,1,521,56.7,7.99,,1,High,Not Found,,,,,,,,,,,
P06756,Integrin alpha-V OS=Homo sapiens GN=ITGAV PE=1 SV=2,1,1,1,1048,116,5.68,,1,High,Not Found,,,,,,,,,,,
P18146,Early growth response protein 1 OS=Homo sapiens GN=EGR1 PE=1 SV=1,2,1,1,543,57.5,8.25,,1,High,Not Found,,,,,,,,,,,
O00409,Forkhead box protein N3 OS=Homo sapiens GN=FOXN3 PE=1 SV=1,2,1,1,490,53.8,6.65,,1,High,Not Found,,,,,,,,,,,
E9PJZ4,Mediator of RNA polymerase II transcription subunit 17 (Fragment) OS=Homo sapiens GN=MED17 PE=1 SV=1,5,1,1,143,16.3,8.73,,1,High,Not Found,,,,,,,,,,,
P09629,Homeobox protein Hox-B7 OS=Homo sapiens GN=HOXB7 PE=1 SV=4,4,1,1,217,24,8.63,,1,High,Not Found,,,,,,,,,,,
Q9Y2Y4,Zinc finger and BTB domain-containing protein 32 OS=Homo sapiens GN=ZBTB32 PE=1 SV=1,2,1,1,487,52.9,9.17,,1,High,Not Found,,,,,,,,,,,
P56381,"ATP synthase subunit epsilon, mitochondrial OS=Homo sapiens GN=ATP5E PE=1 SV=2",22,1,1,51,5.8,9.92,,1,High,Not Found,,,,,,,,,,,
H3BU09,E3 ubiquitin-protein ligase SIAH1 (Fragment) OS=Homo sapiens GN=SIAH1 PE=1 SV=1,10,1,1,98,10.4,8.21,,1,High,Not Found,,,,,,,,,,,
Q8IZD2-6,Isoform 6 of Histone-lysine N-methyltransferase 2E OS=Homo sapiens GN=KMT2E,1,1,1,1621,180.7,7.78,,1,High,Not Found,,,,,,,,,,,
Q9NUT2,"ATP-binding cassette sub-family B member 8, mitochondrial OS=Homo sapiens GN=ABCB8 PE=1 SV=3",1,1,1,735,79.9,8.98,,1,High,Not Found,,,,,,,,,,,
I3L1A4,NF-kappa-B inhibitor beta (Fragment) OS=Homo sapiens GN=NFKBIB PE=1 SV=1,5,1,1,149,16.4,5.21,,1,High,Not Found,,,,,,,,,,,
Q96SI9,Spermatid perinuclear RNA-binding protein OS=Homo sapiens GN=STRBP PE=1 SV=1,1,1,1,672,73.6,8.72,,1,High,Not Found,,,,,,,,,,,
Q8IYU8,"Calcium uptake protein 2, mitochondrial OS=Homo sapiens GN=MICU2 PE=1 SV=2",2,1,1,434,49.6,9.09,,1,High,Not Found,,,,,,,,,,,
P51826-2,Isoform 2 of AF4/FMR2 family member 3 OS=Homo sapiens GN=AFF3,1,1,1,1251,136.3,8.05,,1,High,Not Found,,,,,,,,,,,
O75821,Eukaryotic translation initiation factor 3 subunit G OS=Homo sapiens GN=EIF3G PE=1 SV=2,3,1,1,320,35.6,6.13,,1,High,Not Found,,,,,,,,,,,
Q9BXS4,Transmembrane protein 59 OS=Homo sapiens GN=TMEM59 PE=1 SV=1,3,1,1,323,36.2,5.1,,1,High,Not Found,,,,,,,,,,,
Q9H4A6,Golgi phosphoprotein 3 OS=Homo sapiens GN=GOLPH3 PE=1 SV=1,3,1,1,298,33.8,6.44,,1,High,Not Found,,,,,,,,,,,
Q9C0B5,Palmitoyltransferase ZDHHC5 OS=Homo sapiens GN=ZDHHC5 PE=1 SV=2,2,1,1,715,77.5,9.01,,1,High,Not Found,,,,,,,,,,,
Q13615,Myotubularin-related protein 3 OS=Homo sapiens GN=MTMR3 PE=1 SV=3,1,1,1,1198,133.5,5.8,,1,High,Not Found,,,,,,,,,,,
H0Y6F5,Zinc fingers and homeoboxes protein 3 (Fragment) OS=Homo sapiens GN=ZHX3 PE=1 SV=1,1,1,1,678,75.1,6.29,,1,High,Not Found,,,,,,,,,,,
Q9BRQ8,Apoptosis-inducing factor 2 OS=Homo sapiens GN=AIFM2 PE=1 SV=1,2,1,1,373,40.5,9.11,,1,High,Not Found,,,,,,,,,,,
Q9H814,Phosphorylated adapter RNA export protein OS=Homo sapiens GN=PHAX PE=1 SV=1,2,1,1,394,44.4,5.4,,1,High,Not Found,,,,,,,,,,,
Q9BSM1,Polycomb group RING finger protein 1 OS=Homo sapiens GN=PCGF1 PE=1 SV=2,3,1,1,259,30.3,8.91,,1,High,Not Found,,,,,,,,,,,
Q99828,Calcium and integrin-binding protein 1 OS=Homo sapiens GN=CIB1 PE=1 SV=4,5,1,1,191,21.7,4.78,,1,High,Not Found,,,,,,,,,,,
Q8WXE1,ATR-interacting protein OS=Homo sapiens GN=ATRIP PE=1 SV=1,1,1,1,791,85.8,6.32,,1,High,Not Found,,,,,,,,,,,
Q7Z5L2,Coiled-coil domain-containing protein R3HCC1L OS=Homo sapiens GN=R3HCC1L PE=1 SV=2,1,1,1,792,87.8,5.12,,1,High,Not Found,,,,,,,,,,,
O43772,Mitochondrial carnitine/acylcarnitine carrier protein OS=Homo sapiens GN=SLC25A20 PE=1 SV=1,3,1,1,301,32.9,9.41,,1,High,Not Found,,,,,,,,,,,
P50440,"Glycine amidinotransferase, mitochondrial OS=Homo sapiens GN=GATM PE=1 SV=1",2,1,1,423,48.4,8.05,,1,High,Not Found,,,,,,,,,,,
Q96EU6,Ribosomal RNA processing protein 36 homolog OS=Homo sapiens GN=RRP36 PE=1 SV=1,3,1,1,259,29.8,10.17,,1,High,Not Found,,,,,,,,,,,
P20930,Filaggrin OS=Homo sapiens GN=FLG PE=1 SV=3,0,1,1,4061,434.9,9.25,,1,High,Not Found,,,,,,,,,,,
B9EGE7,ZNF507 protein OS=Homo sapiens GN=ZNF507 PE=1 SV=1,1,1,1,957,106.3,5.77,,1,High,Not Found,,,,,,,,,,,
P30536,Translocator protein OS=Homo sapiens GN=TSPO PE=1 SV=3,5,1,1,169,18.8,9.36,,1,High,Not Found,,,,,,,,,,,
P31689,DnaJ homolog subfamily A member 1 OS=Homo sapiens GN=DNAJA1 PE=1 SV=2,3,1,1,397,44.8,7.08,,1,High,Not Found,,,,,,,,,,,
Q8NFG4,Folliculin OS=Homo sapiens GN=FLCN PE=1 SV=1,2,1,1,579,64.4,6.23,,1,High,Not Found,,,,,,,,,,,
H0YL62,KATNB1-like protein 1 (Fragment) OS=Homo sapiens GN=KATNBL1 PE=1 SV=1,5,1,1,168,19.2,9.32,,1,High,Not Found,,,,,,,,,,,
Q30134,"HLA class II histocompatibility antigen, DRB1-8 beta chain OS=Homo sapiens GN=HLA-DRB1 PE=1 SV=2",3,1,1,266,30,7.12,,1,High,Not Found,,,,,,,,,,,
Q86WB0,Nuclear-interacting partner of ALK OS=Homo sapiens GN=ZC3HC1 PE=1 SV=1,2,1,1,502,55.2,5.62,,1,High,Not Found,,,,,,,,,,,
Q8N1G1,RNA exonuclease 1 homolog OS=Homo sapiens GN=REXO1 PE=1 SV=3,1,1,1,1221,131.4,8.95,,1,High,Not Found,,,,,,,,,,,
O00398,Putative P2Y purinoceptor 10 OS=Homo sapiens GN=P2RY10 PE=2 SV=1,3,1,1,339,38.7,9.01,,1,High,Not Found,,,,,,,,,,,
P23743,Diacylglycerol kinase alpha OS=Homo sapiens GN=DGKA PE=1 SV=3,1,1,1,735,82.6,6.73,,1,High,Not Found,,,,,,,,,,,
P42336,"Phosphatidylinositol 4,5-bisphosphate 3-kinase catalytic subunit alpha isoform OS=Homo sapiens GN=PIK3CA PE=1 SV=2",1,1,1,1068,124.2,7.23,,1,High,Not Found,,,,,,,,,,,
Q9H7P9,Pleckstrin homology domain-containing family G member 2 OS=Homo sapiens GN=PLEKHG2 PE=1 SV=3,1,1,1,1386,147.9,5.86,,1,High,Not Found,,,,,,,,,,,
Q86UP3-5,Isoform 5 of Zinc finger homeobox protein 4 OS=Homo sapiens GN=ZFHX4,0,1,1,3616,398.7,6.3,,1,High,Not Found,,,,,,,,,,,
P04844,Dolichyl-diphosphooligosaccharide--protein glycosyltransferase subunit 2 OS=Homo sapiens GN=RPN2 PE=1 SV=3,1,1,1,631,69.2,5.69,,1,High,Not Found,,,,,,,,,,,
Q13523,Serine/threonine-protein kinase PRP4 homolog OS=Homo sapiens GN=PRPF4B PE=1 SV=3,1,1,1,1007,116.9,10.26,,1,High,Not Found,,,,,,,,,,,
F2Z393,Transaldolase OS=Homo sapiens GN=TALDO1 PE=1 SV=1,3,1,1,318,35.3,8.97,,1,High,Not Found,,,,,,,,,,,
G3V419,DNA mismatch repair protein Mlh3 OS=Homo sapiens GN=MLH3 PE=1 SV=1,1,1,1,1275,143.4,6.89,,1,High,Not Found,,,,,,,,,,,
P22059,Oxysterol-binding protein 1 OS=Homo sapiens GN=OSBP PE=1 SV=1,1,1,1,807,89.4,7.3,,1,High,Not Found,,,,,,,,,,,
O43808,Peroxisomal membrane protein PMP34 OS=Homo sapiens GN=SLC25A17 PE=1 SV=1,3,1,1,307,34.5,10.08,,1,High,Not Found,,,,,,,,,,,
C9JDR0,"Sterol-4-alpha-carboxylate 3-dehydrogenase, decarboxylating (Fragment) OS=Homo sapiens GN=NSDHL PE=1 SV=1",4,1,1,254,28.1,6.54,,1,High,Not Found,,,,,,,,,,,
Q9UMS4,Pre-mRNA-processing factor 19 OS=Homo sapiens GN=PRPF19 PE=1 SV=1,2,1,1,504,55.1,6.61,,1,High,Not Found,,,,,,,,,,,
Q9ULU4,Protein kinase C-binding protein 1 OS=Homo sapiens GN=ZMYND8 PE=1 SV=2,1,1,1,1186,131.6,7.2,,1,High,Not Found,,,,,,,,,,,
O60271,C-Jun-amino-terminal kinase-interacting protein 4 OS=Homo sapiens GN=SPAG9 PE=1 SV=4,1,1,1,1321,146.1,5.15,,1,High,Not Found,,,,,,,,,,,
Q13303-3,Isoform 3 of Voltage-gated potassium channel subunit beta-2 OS=Homo sapiens GN=KCNAB2,2,1,1,415,46.5,8.72,,1,High,Not Found,,,,,,,,,,,
A0A087WT67,Zinc finger protein 195 OS=Homo sapiens GN=ZNF195 PE=1 SV=1,2,1,1,633,72.6,8.09,,1,High,Not Found,,,,,,,,,,,
Q9UBS3,DnaJ homolog subfamily B member 9 OS=Homo sapiens GN=DNAJB9 PE=1 SV=1,4,1,1,223,25.5,8.27,,1,High,Not Found,,,,,,,,,,,
E7EVJ3,Bifunctional heparan sulfate N-deacetylase/N-sulfotransferase 1 OS=Homo sapiens GN=NDST1 PE=1 SV=1,1,1,1,825,94.3,7.88,,1,High,Not Found,,,,,,,,,,,
Q9NRD1,F-box only protein 6 OS=Homo sapiens GN=FBXO6 PE=1 SV=1,4,1,1,293,33.9,6.09,,1,High,Not Found,,,,,,,,,,,
Q9UHA3,Probable ribosome biogenesis protein RLP24 OS=Homo sapiens GN=RSL24D1 PE=1 SV=1,6,1,1,163,19.6,9.98,,1,High,Not Found,,,,,,,,,,,
O15254,Peroxisomal acyl-coenzyme A oxidase 3 OS=Homo sapiens GN=ACOX3 PE=1 SV=2,1,1,1,700,77.6,7.25,,1,High,Not Found,,,,,,,,,,,
A0A087WV05,Uncharacterized protein OS=Homo sapiens PE=4 SV=1,9,1,1,110,12.7,6.02,,1,High,Not Found,,,,,,,,,,,
A2RRP1,Neuroblastoma-amplified sequence OS=Homo sapiens GN=NBAS PE=1 SV=2,0,1,1,2371,268.4,5.96,,1,High,Not Found,,,,,,,,,,,
Q14679,Tubulin polyglutamylase TTLL4 OS=Homo sapiens GN=TTLL4 PE=1 SV=2,1,1,1,1199,133.3,8.85,,1,High,Not Found,,,,,,,,,,,
P04921,Glycophorin-C OS=Homo sapiens GN=GYPC PE=1 SV=1,7,1,1,128,13.8,4.84,,1,High,Not Found,,,,,,,,,,,
H0YBY3,Ganglioside GM2 activator (Fragment) OS=Homo sapiens GN=GM2A PE=1 SV=1,9,1,1,104,11.3,4.75,,1,High,Not Found,,,,,,,,,,,
B9A025,Lysyl oxidase homolog 3 OS=Homo sapiens GN=LOXL3 PE=1 SV=1,2,1,1,586,64.8,6.62,,1,High,Not Found,,,,,,,,,,,
Q8IYS1,Peptidase M20 domain-containing protein 2 OS=Homo sapiens GN=PM20D2 PE=1 SV=2,2,1,1,436,47.7,5.85,,1,High,Not Found,,,,,,,,,,,
P28066,Proteasome subunit alpha type-5 OS=Homo sapiens GN=PSMA5 PE=1 SV=3,4,1,1,241,26.4,4.79,,1,High,Not Found,,,,,,,,,,,
O75351,Vacuolar protein sorting-associated protein 4B OS=Homo sapiens GN=VPS4B PE=1 SV=2,2,1,1,444,49.3,7.23,,1,High,Not Found,,,,,,,,,,,
Q9NYQ7,Cadherin EGF LAG seven-pass G-type receptor 3 OS=Homo sapiens GN=CELSR3 PE=1 SV=2,0,1,1,3312,358,6.68,,1,High,Not Found,,,,,,,,,,,
Q5SXM2,snRNA-activating protein complex subunit 4 OS=Homo sapiens GN=SNAPC4 PE=1 SV=1,1,1,1,1469,159.3,8.28,,1,High,Not Found,,,,,,,,,,,
Q12983,BCL2/adenovirus E1B 19 kDa protein-interacting protein 3 OS=Homo sapiens GN=BNIP3 PE=1 SV=2,5,1,1,194,21.5,6.8,,1,High,Not Found,,,,,,,,,,,
Q9HB09,Bcl-2-like protein 12 OS=Homo sapiens GN=BCL2L12 PE=1 SV=1,3,1,1,334,36.8,9.22,,1,High,Not Found,,,,,,,,,,,
Q9Y2G9,Protein strawberry notch homolog 2 OS=Homo sapiens GN=SBNO2 PE=2 SV=3,1,1,1,1366,150.2,6.52,,1,High,Not Found,,,,,,,,,,,
P10606,"Cytochrome c oxidase subunit 5B, mitochondrial OS=Homo sapiens GN=COX5B PE=1 SV=2",22,1,1,129,13.7,8.81,,1,High,Not Found,,,,,,,,,,,
Q9HBR0,Putative sodium-coupled neutral amino acid transporter 10 OS=Homo sapiens GN=SLC38A10 PE=1 SV=2,1,1,1,1119,119.7,5.73,,1,High,Not Found,,,,,,,,,,,
Q9UI43,"rRNA methyltransferase 2, mitochondrial OS=Homo sapiens GN=MRM2 PE=1 SV=1",4,1,1,246,27.4,9.5,,1,High,Not Found,,,,,,,,,,,
Q15042,Rab3 GTPase-activating protein catalytic subunit OS=Homo sapiens GN=RAB3GAP1 PE=1 SV=3,1,1,1,981,110.5,5.55,,1,High,Not Found,,,,,,,,,,,
Q9H0L4,Cleavage stimulation factor subunit 2 tau variant OS=Homo sapiens GN=CSTF2T PE=1 SV=1,2,1,1,616,64.4,7.25,,1,High,Not Found,,,,,,,,,,,
Q8IWC1,MAP7 domain-containing protein 3 OS=Homo sapiens GN=MAP7D3 PE=1 SV=2,1,1,1,876,98.4,9.32,,1,High,Not Found,,,,,,,,,,,
P03928,ATP synthase protein 8 OS=Homo sapiens GN=MT-ATP8 PE=1 SV=1,13,1,1,68,8,9.91,,1,High,Not Found,,,,,,,,,,,
O15111,Inhibitor of nuclear factor kappa-B kinase subunit alpha OS=Homo sapiens GN=CHUK PE=1 SV=2,1,1,1,745,84.6,6.73,,1,High,Not Found,,,,,,,,,,,
Q0D2I5,Intermediate filament family orphan 1 OS=Homo sapiens GN=IFFO1 PE=2 SV=2,2,1,1,559,61.9,4.92,,1,High,Not Found,,,,,,,,,,,
Q9NP31,SH2 domain-containing protein 2A OS=Homo sapiens GN=SH2D2A PE=1 SV=3,3,1,1,389,42.9,7.42,,1,High,Not Found,,,,,,,,,,,
Q14687,Genetic suppressor element 1 OS=Homo sapiens GN=GSE1 PE=1 SV=3,1,1,1,1217,136.1,7.74,,1,High,Not Found,,,,,,,,,,,
Q9NRG9,Aladin OS=Homo sapiens GN=AAAS PE=1 SV=1,2,1,1,546,59.5,7.5,,1,High,Not Found,,,,,,,,,,,
Q9BXS5,AP-1 complex subunit mu-1 OS=Homo sapiens GN=AP1M1 PE=1 SV=3,2,1,1,423,48.6,7.3,,1,High,Not Found,,,,,,,,,,,
J3QRQ3,"Dihydroorotate dehydrogenase (quinone), mitochondrial (Fragment) OS=Homo sapiens GN=DHODH PE=1 SV=1",6,1,1,144,16.2,9.45,,1,High,Not Found,,,,,,,,,,,
P13682,Zinc finger protein 35 OS=Homo sapiens GN=ZNF35 PE=2 SV=4,2,1,1,527,59.1,8.09,,1,High,Not Found,,,,,,,,,,,
Q9HCC0,"Methylcrotonoyl-CoA carboxylase beta chain, mitochondrial OS=Homo sapiens GN=MCCC2 PE=1 SV=1",2,1,1,563,61.3,7.68,,1,High,Not Found,,,,,,,,,,,
Q9Y3A2,Probable U3 small nucleolar RNA-associated protein 11 OS=Homo sapiens GN=UTP11 PE=1 SV=2,4,1,1,253,30.4,10.15,,1,High,Not Found,,,,,,,,,,,
P32121-4,Isoform 4 of Beta-arrestin-2 OS=Homo sapiens GN=ARRB2,2,1,1,430,48,7.69,,1,High,Not Found,,,,,,,,,,,
C9JQ16,Sorting nexin-10 (Fragment) OS=Homo sapiens GN=SNX10 PE=1 SV=1,5,1,1,197,23.3,7.81,,1,High,Not Found,,,,,,,,,,,
Q8IY22,C-Maf-inducing protein OS=Homo sapiens GN=CMIP PE=1 SV=3,1,1,1,773,86.3,6.7,,1,High,Not Found,,,,,,,,,,,
P16188,"HLA class I histocompatibility antigen, A-30 alpha chain OS=Homo sapiens GN=HLA-A PE=1 SV=2",2,1,1,365,40.9,6.1,,1,High,Not Found,,,,,,,,,,,
Q8N823,Zinc finger protein 611 OS=Homo sapiens GN=ZNF611 PE=2 SV=2,1,1,1,705,81.4,8.9,,1,High,Not Found,,,,,,,,,,,
Q6IQ26,DENN domain-containing protein 5A OS=Homo sapiens GN=DENND5A PE=1 SV=2,1,1,1,1287,147,6.65,,1,High,Not Found,,,,,,,,,,,
Q99720,Sigma non-opioid intracellular receptor 1 OS=Homo sapiens GN=SIGMAR1 PE=1 SV=1,4,1,1,223,25.1,5.96,,1,High,Not Found,,,,,,,,,,,
Q6P996,Pyridoxal-dependent decarboxylase domain-containing protein 1 OS=Homo sapiens GN=PDXDC1 PE=1 SV=2,1,1,1,788,86.7,5.38,,1,High,Not Found,,,,,,,,,,,
Q9Y274,"Type 2 lactosamine alpha-2,3-sialyltransferase OS=Homo sapiens GN=ST3GAL6 PE=1 SV=1",3,1,1,331,38.2,9,,1,High,Not Found,,,,,,,,,,,
G3XAL9,"Solute carrier family 12 (Sodium/potassium/chloride transporters), member 2, isoform CRA_a OS=Homo sapiens GN=SLC12A2 PE=1 SV=1",1,1,1,1150,124.5,6.09,,1,High,Not Found,,,,,,,,,,,
Q04206,Transcription factor p65 OS=Homo sapiens GN=RELA PE=1 SV=2,2,1,1,551,60.2,5.68,,1,High,Not Found,,,,,,,,,,,
Q5EE01,Centromere protein W OS=Homo sapiens GN=CENPW PE=1 SV=1,10,1,1,88,10.1,11.3,,1,High,Not Found,,,,,,,,,,,
P49356,Protein farnesyltransferase subunit beta OS=Homo sapiens GN=FNTB PE=1 SV=1,2,1,1,437,48.7,5.82,,1,High,Not Found,,,,,,,,,,,
Q13823,Nucleolar GTP-binding protein 2 OS=Homo sapiens GN=GNL2 PE=1 SV=1,1,1,1,731,83.6,9.25,,1,High,Not Found,,,,,,,,,,,