P30154,PPP2R1B,Serine/threonine-protein phosphatase 2A 65 kDa regulatory subunit A beta isoform OS=Homo sapiens GN=PPP2R1B PE=1 SV=3,6,4,7,1,601,66.2,4.94,4,,PPP2R1B,High,Not Found,,,,,,,,
P50991,CCT4,T-complex protein 1 subunit delta OS=Homo sapiens GN=CCT4 PE=1 SV=4,12,5,5,3,539,57.9,7.83,5,,CCT4,High,Not Found,,,,,,,,
Q12873,CHD3,Chromodomain-helicase-DNA-binding protein 3 OS=Homo sapiens GN=CHD3 PE=1 SV=3,2,4,4,4,2000,226.5,7.3,4,,CHD3,High,Not Found,,,,,,,,
Q9NVH2,INTS7,Integrator complex subunit 7 OS=Homo sapiens GN=INTS7 PE=1 SV=1,2,2,3,2,962,106.8,8.02,2,,INTS7,High,Not Found,,,,,,,,
A6NMQ1,POLA1,DNA polymerase OS=Homo sapiens GN=POLA1 PE=1 SV=1,1,2,3,2,1468,166.4,5.81,2,,POLA1,High,Not Found,,,,,,,,
Q96Q15,SMG1,Serine/threonine-protein kinase SMG1 OS=Homo sapiens GN=SMG1 PE=1 SV=3,1,3,3,3,3661,410.2,6.46,3,,SMG1,High,Not Found,,,,,,,,
Q8N3U4,STAG2,Cohesin subunit SA-2 OS=Homo sapiens GN=STAG2 PE=1 SV=3,2,3,3,3,1231,141.2,5.43,3,,STAG2,High,Not Found,,,,,,,,
K7EP73,,"Glyceraldehyde-3-phosphate dehydrogenase, testis-specific (Fragment) OS=Homo sapiens GN=GAPDHS PE=1 SV=1",4,1,2,1,179,19.6,6.9,1,,,High,Not Found,,,,,,,,
Q99704,DOK1,Docking protein 1 OS=Homo sapiens GN=DOK1 PE=1 SV=1,4,2,2,2,481,52.4,6.47,2,,DOK1,High,Not Found,,,,,,,,
Q8TD19,NEK9,Serine/threonine-protein kinase Nek9 OS=Homo sapiens GN=NEK9 PE=1 SV=2,2,2,2,2,979,107.1,5.74,2,,NEK9,High,Not Found,,,,,,,,
H0YE29,,Rho GTPase-activating protein 1 (Fragment) OS=Homo sapiens GN=ARHGAP1 PE=1 SV=1,5,2,2,2,334,38.4,6.24,2,,,High,Not Found,,,,,,,,
P48047,ATP5O,"ATP synthase subunit O, mitochondrial OS=Homo sapiens GN=ATP5O PE=1 SV=1",9,2,2,2,213,23.3,9.96,2,,ATP5O,High,Not Found,,,,,,,,
P10809,HSPD1,"60 kDa heat shock protein, mitochondrial OS=Homo sapiens GN=HSPD1 PE=1 SV=2",1,1,2,1,573,61,5.87,1,,HSPD1,High,Not Found,,,,,,,,
P51553,IDH3G,"Isocitrate dehydrogenase [NAD] subunit gamma, mitochondrial OS=Homo sapiens GN=IDH3G PE=1 SV=1",4,2,2,2,393,42.8,8.5,2,,IDH3G,High,Not Found,,,,,,,,
H0Y7Q2,,Syndetin (Fragment) OS=Homo sapiens GN=VPS50 PE=1 SV=1,2,1,2,1,469,54,5.72,1,,,High,Not Found,,,,,,,,
O14965,AURKA,Aurora kinase A OS=Homo sapiens GN=AURKA PE=1 SV=2,3,2,2,2,403,45.8,9.39,2,,AURKA,High,Not Found,,,,,,,,
Q07021,C1QBP,"Complement component 1 Q subcomponent-binding protein, mitochondrial OS=Homo sapiens GN=C1QBP PE=1 SV=1",6,2,2,2,282,31.3,4.84,2,,C1QBP,High,Not Found,,,,,,,,
Q96QP1,ALPK1,Alpha-protein kinase 1 OS=Homo sapiens GN=ALPK1 PE=2 SV=3,1,2,2,2,1244,138.8,6.24,2,,ALPK1,High,Not Found,,,,,,,,
F8WDV0,,Importin-11 OS=Homo sapiens GN=IPO11 PE=1 SV=1,2,2,2,2,863,99.6,5.58,2,,,High,Not Found,,,,,,,,
Q9Y289,SLC5A6,Sodium-dependent multivitamin transporter OS=Homo sapiens GN=SLC5A6 PE=2 SV=2,3,2,2,2,635,68.6,8.27,2,,SLC5A6,High,Not Found,,,,,,,,
Q8IX12,CCAR1,Cell division cycle and apoptosis regulator protein 1 OS=Homo sapiens GN=CCAR1 PE=1 SV=2,2,2,2,2,1150,132.7,5.76,2,,CCAR1,High,Not Found,,,,,,,,
Q4J6C6,PREPL,Prolyl endopeptidase-like OS=Homo sapiens GN=PREPL PE=1 SV=1,3,2,2,2,727,83.9,6.38,2,,PREPL,High,Not Found,,,,,,,,
O95396,MOCS3,Adenylyltransferase and sulfurtransferase MOCS3 OS=Homo sapiens GN=MOCS3 PE=1 SV=1,2,1,2,1,460,49.6,6.21,1,,MOCS3,High,Not Found,,,,,,,,
F5H2S8,PTPN22,Tyrosine-protein phosphatase non-receptor type 22 OS=Homo sapiens GN=PTPN22 PE=1 SV=2,2,1,2,1,783,88.9,7.62,1,,PTPN22,High,Not Found,,,,,,,,
Q96B01,RAD51AP1,RAD51-associated protein 1 OS=Homo sapiens GN=RAD51AP1 PE=1 SV=1,2,1,2,1,352,38.4,9.11,1,,RAD51AP1,High,Not Found,,,,,,,,
Q86XI2,NCAPG2,Condensin-2 complex subunit G2 OS=Homo sapiens GN=NCAPG2 PE=1 SV=1,2,2,2,2,1143,130.9,6.87,2,,NCAPG2,High,Not Found,,,,,,,,
P04035,HMGCR,3-hydroxy-3-methylglutaryl-coenzyme A reductase OS=Homo sapiens GN=HMGCR PE=1 SV=1,2,2,2,2,888,97.4,6.74,2,,HMGCR,High,Not Found,,,,,,,,
P15848,ARSB,Arylsulfatase B OS=Homo sapiens GN=ARSB PE=1 SV=1,2,2,2,2,533,59.6,8.21,2,,ARSB,High,Not Found,,,,,,,,
Q9NRF9,POLE3,DNA polymerase epsilon subunit 3 OS=Homo sapiens GN=POLE3 PE=1 SV=1,6,1,2,1,147,16.8,4.74,1,,POLE3,High,Not Found,,,,,,,,
P59923,ZNF445,Zinc finger protein 445 OS=Homo sapiens GN=ZNF445 PE=1 SV=1,2,2,2,2,1031,118.9,9.39,2,,ZNF445,High,Not Found,,,,,,,,
F5H5D3,TUBA1C,Tubulin alpha chain OS=Homo sapiens GN=TUBA1C PE=1 SV=1,4,2,2,2,519,57.7,5.07,2,,TUBA1C,High,Not Found,,,,,,,,
O60518,RANBP6,Ran-binding protein 6 OS=Homo sapiens GN=RANBP6 PE=1 SV=2,2,2,2,2,1105,124.6,5.01,2,,RANBP6,High,Not Found,,,,,,,,
Q15011,HERPUD1,Homocysteine-responsive endoplasmic reticulum-resident ubiquitin-like domain member 1 protein OS=Homo sapiens GN=HERPUD1 PE=1 SV=1,2,1,2,1,391,43.7,5.25,1,,HERPUD1,High,Not Found,,,,,,,,
Q13416,ORC2,Origin recognition complex subunit 2 OS=Homo sapiens GN=ORC2 PE=1 SV=2,3,2,2,2,577,65.9,6.51,2,,ORC2,High,Not Found,,,,,,,,
G5E975,SMARCB1,"SWI/SNF related, matrix associated, actin dependent regulator of chromatin, subfamily b, member 1, isoform CRA_c OS=Homo sapiens GN=SMARCB1 PE=1 SV=1",5,2,2,2,394,45,5.76,2,,SMARCB1,High,Not Found,,,,,,,,
Q8TEK8,RASSF5,FLJ00186 protein (Fragment) OS=Homo sapiens GN=FLJ00186 PE=1 SV=1,10,2,2,2,185,20.9,9.11,2,,RASSF5,High,Not Found,,,,,,,,
P48059,LIMS1,LIM and senescent cell antigen-like-containing domain protein 1 OS=Homo sapiens GN=LIMS1 PE=1 SV=4,4,1,2,1,325,37.2,8.05,1,,LIMS1,High,Not Found,,,,,,,,
F8VR77,,Proliferation-associated protein 2G4 OS=Homo sapiens GN=PA2G4 PE=1 SV=1,7,2,2,2,284,31.4,6.8,2,,,High,Not Found,,,,,,,,
Q9H5V9,CXorf56,UPF0428 protein CXorf56 OS=Homo sapiens GN=CXorf56 PE=1 SV=1,4,1,2,1,222,25.6,8.73,1,,CXorf56,High,Not Found,,,,,,,,
O14617,AP3D1,AP-3 complex subunit delta-1 OS=Homo sapiens GN=AP3D1 PE=1 SV=1,2,2,2,2,1153,130.1,8.48,2,,AP3D1,High,Not Found,,,,,,,,
Q96BD5,PHF21A,PHD finger protein 21A OS=Homo sapiens GN=PHF21A PE=1 SV=1,1,1,2,1,680,74.8,9.45,1,,PHF21A,High,Not Found,,,,,,,,
X6RFL8,RAB14,Ras-related protein Rab-14 (Fragment) OS=Homo sapiens GN=RAB14 PE=1 SV=1,12,2,2,2,181,20.4,6.33,2,,RAB14,High,Not Found,,,,,,,,
Q8WXD5,GEMIN6,Gem-associated protein 6 OS=Homo sapiens GN=GEMIN6 PE=1 SV=1,5,2,2,2,167,18.8,5.12,2,,GEMIN6,High,Not Found,,,,,,,,
C9JLC1,,"Aspartate--tRNA ligase, cytoplasmic (Fragment) OS=Homo sapiens GN=DARS PE=1 SV=1",6,1,2,1,182,20.6,8.92,1,,,High,Not Found,,,,,,,,
M0R050,EXOSC5,Exosome complex component RRP46 OS=Homo sapiens GN=EXOSC5 PE=1 SV=1,9,2,2,2,197,21.2,7.24,2,,EXOSC5,High,Not Found,,,,,,,,
I3L0U8,,Dynactin subunit 5 (Fragment) OS=Homo sapiens GN=DCTN5 PE=1 SV=1,23,2,2,2,99,11,8.6,2,,,High,Not Found,,,,,,,,
Q5JWF2,GNAS,Guanine nucleotide-binding protein G(s) subunit alpha isoforms XLas OS=Homo sapiens GN=GNAS PE=1 SV=2,1,1,2,1,1037,111,5.03,1,,GNAS,High,Not Found,,,,,,,,
A0A075B772,,Zinc finger protein 582 OS=Homo sapiens GN=ZNF582 PE=4 SV=1,5,1,2,1,181,21.5,5.16,1,,,High,Not Found,,,,,,,,
E9PKB5,,Protein phosphatase 1A (Fragment) OS=Homo sapiens GN=PPM1A PE=1 SV=1,7,1,2,1,187,20.6,7.91,1,,,High,Not Found,,,,,,,,
P08133,ANXA6,Annexin A6 OS=Homo sapiens GN=ANXA6 PE=1 SV=3,3,2,2,2,673,75.8,5.6,2,,ANXA6,High,Not Found,,,,,,,,
J3KR97,TBCD,Tubulin-specific chaperone D OS=Homo sapiens GN=TBCD PE=1 SV=1,1,1,2,1,1230,136.5,6.34,1,,TBCD,High,Not Found,,,,,,,,
Q6P3W7,SCYL2,SCY1-like protein 2 OS=Homo sapiens GN=SCYL2 PE=1 SV=1,2,2,2,2,929,103.6,8.22,2,,SCYL2,High,Not Found,,,,,,,,
O94864,SUPT7L,STAGA complex 65 subunit gamma OS=Homo sapiens GN=SUPT7L PE=1 SV=1,2,1,1,1,414,46.2,5.12,1,,SUPT7L,High,Not Found,,,,,,,,
E9PQK8,,Activity-dependent neuroprotector homeobox protein (Fragment) OS=Homo sapiens GN=ADNP PE=1 SV=8,6,1,1,1,172,20,8.56,1,,,High,Not Found,,,,,,,,
O75151,PHF2,Lysine-specific demethylase PHF2 OS=Homo sapiens GN=PHF2 PE=1 SV=4,1,1,1,1,1096,120.7,9.17,1,,PHF2,High,Not Found,,,,,,,,
P51825,AFF1,AF4/FMR2 family member 1 OS=Homo sapiens GN=AFF1 PE=1 SV=1,1,1,1,1,1210,131.3,9.2,1,,AFF1,High,Not Found,,,,,,,,
Q7LG56,RRM2B,Ribonucleoside-diphosphate reductase subunit M2 B OS=Homo sapiens GN=RRM2B PE=1 SV=1,3,1,1,1,351,40.7,4.97,1,,RRM2B,High,Not Found,,,,,,,,
Q9H061,TMEM126A,Transmembrane protein 126A OS=Homo sapiens GN=TMEM126A PE=1 SV=1,5,1,1,1,195,21.5,9.26,1,,TMEM126A,High,Not Found,,,,,,,,
Q9Y6G1,TMEM14A,Transmembrane protein 14A OS=Homo sapiens GN=TMEM14A PE=1 SV=1,9,1,1,1,99,10.7,10.55,1,,TMEM14A,High,Not Found,,,,,,,,
P13164,IFITM1,Interferon-induced transmembrane protein 1 OS=Homo sapiens GN=IFITM1 PE=1 SV=3,7,1,1,1,125,14,7.93,1,,IFITM1,High,Not Found,,,,,,,,
H0YKM4,,Leucine-rich repeat-containing protein 28 (Fragment) OS=Homo sapiens GN=LRRC28 PE=1 SV=8,4,1,1,1,300,34.2,7.91,1,,,High,Not Found,,,,,,,,
A0A140T998,PSMB8,Proteasome subunit beta type-8 OS=Homo sapiens GN=PSMB8 PE=1 SV=1,4,1,1,1,252,27.8,7.8,1,,PSMB8,High,Not Found,,,,,,,,
B7ZC39,SH3GLB2,Endophilin-B2 OS=Homo sapiens GN=SH3GLB2 PE=1 SV=1,2,1,1,1,374,41.6,5.97,1,,SH3GLB2,High,Not Found,,,,,,,,
E7EPJ2,,Intersectin-2 (Fragment) OS=Homo sapiens GN=ITSN2 PE=1 SV=1,1,1,1,1,609,68.9,9.35,1,,,High,Not Found,,,,,,,,
Q9Y613,FHOD1,FH1/FH2 domain-containing protein 1 OS=Homo sapiens GN=FHOD1 PE=1 SV=3,1,1,1,1,1164,126.5,6.39,1,,FHOD1,High,Not Found,,,,,,,,
P11172,UMPS,Uridine 5'-monophosphate synthase OS=Homo sapiens GN=UMPS PE=1 SV=1,2,1,1,1,480,52.2,7.24,1,,UMPS,High,Not Found,,,,,,,,
A0A0A0MTR2,,Prolyl 3-hydroxylase OGFOD1 OS=Homo sapiens GN=OGFOD1 PE=1 SV=1,2,1,1,1,499,58.3,5.06,1,,,High,Not Found,,,,,,,,
O75882,ATRN,Attractin OS=Homo sapiens GN=ATRN PE=1 SV=2,1,1,1,1,1429,158.4,7.31,1,,ATRN,High,Not Found,,,,,,,,
P81605,DCD,Dermcidin OS=Homo sapiens GN=DCD PE=1 SV=2,15,1,1,1,110,11.3,6.54,1,,DCD,High,Not Found,,,,,,,,
Q3LXA3,DAK; TKFC,Triokinase/FMN cyclase OS=Homo sapiens GN=TKFC PE=1 SV=2,2,1,1,1,575,58.9,7.49,1,,DAK; TKFC,High,Not Found,,,,,,,,
A0A0A0MTI0,,Pre-B-cell leukemia transcription factor 1 OS=Homo sapiens GN=PBX1 PE=1 SV=1,3,1,1,1,342,37,7.56,1,,,High,Not Found,,,,,,,,
O14494,PPAP2A; PLPP1,Phospholipid phosphatase 1 OS=Homo sapiens GN=PLPP1 PE=1 SV=1,3,1,1,1,284,32.1,7.97,1,,PPAP2A; PLPP1,High,Not Found,,,,,,,,
H0YLH9,,Pro-interleukin-16 (Fragment) OS=Homo sapiens GN=IL16 PE=1 SV=2,1,1,1,1,611,64.6,6.6,1,,,High,Not Found,,,,,,,,
P36954,POLR2I,DNA-directed RNA polymerase II subunit RPB9 OS=Homo sapiens GN=POLR2I PE=1 SV=1,6,1,1,1,125,14.5,5.14,1,,POLR2I,High,Not Found,,,,,,,,
Q8NBM4,UBAC2,Ubiquitin-associated domain-containing protein 2 OS=Homo sapiens GN=UBAC2 PE=1 SV=1,3,1,1,1,344,38.9,9.01,1,,UBAC2,High,Not Found,,,,,,,,
H0Y9B7,,LEM domain-containing protein 2 (Fragment) OS=Homo sapiens GN=LEMD2 PE=1 SV=1,11,1,1,1,85,10.2,5.83,1,,,High,Not Found,,,,,,,,
Q969F1,GTF3C6,General transcription factor 3C polypeptide 6 OS=Homo sapiens GN=GTF3C6 PE=1 SV=1,4,1,1,1,213,24,4.21,1,,GTF3C6,High,Not Found,,,,,,,,
P55199,ELL,RNA polymerase II elongation factor ELL OS=Homo sapiens GN=ELL PE=1 SV=1,2,1,1,1,621,68.2,9.33,1,,ELL,High,Not Found,,,,,,,,
P82914,MRPS15,"28S ribosomal protein S15, mitochondrial OS=Homo sapiens GN=MRPS15 PE=1 SV=1",4,1,1,1,257,29.8,10.48,1,,MRPS15,High,Not Found,,,,,,,,
F8W8A5,,Protein downstream neighbor of Son OS=Homo sapiens GN=DONSON PE=1 SV=1,2,1,1,1,552,61.1,8.73,1,,,High,Not Found,,,,,,,,
Q6JBY9,RCSD1,CapZ-interacting protein OS=Homo sapiens GN=RCSD1 PE=1 SV=1,3,1,1,1,416,44.5,5.4,1,,RCSD1,High,Not Found,,,,,,,,
H0YKL6,,Protein FAM81A (Fragment) OS=Homo sapiens GN=FAM81A PE=1 SV=1,7,1,1,1,146,16.7,10.07,1,,,High,Not Found,,,,,,,,
Q92506,HSD17B8,Estradiol 17-beta-dehydrogenase 8 OS=Homo sapiens GN=HSD17B8 PE=1 SV=2,4,1,1,1,261,27,6.54,1,,HSD17B8,High,Not Found,,,,,,,,
M0QX88,,Inactive serine/threonine-protein kinase VRK3 (Fragment) OS=Homo sapiens GN=VRK3 PE=1 SV=8,5,1,1,1,177,19.4,9.92,1,,,High,Not Found,,,,,,,,
Q8TAD8,SNIP1,Smad nuclear-interacting protein 1 OS=Homo sapiens GN=SNIP1 PE=1 SV=1,2,1,1,1,396,45.8,9.99,1,,SNIP1,High,Not Found,,,,,,,,
F8WF50,,Rab-like protein 3 OS=Homo sapiens GN=RABL3 PE=1 SV=1,7,1,1,1,129,14,7.39,1,,,High,Not Found,,,,,,,,
B0I1T2,MYO1G,Unconventional myosin-Ig OS=Homo sapiens GN=MYO1G PE=1 SV=2,1,1,1,1,1018,116.4,8.73,1,,MYO1G,High,Not Found,,,,,,,,
P13473,LAMP2,Lysosome-associated membrane glycoprotein 2 OS=Homo sapiens GN=LAMP2 PE=1 SV=2,2,1,1,1,410,44.9,5.63,1,,LAMP2,High,Not Found,,,,,,,,
Q3B7T1,C10orf137; EDRF1,Erythroid differentiation-related factor 1 OS=Homo sapiens GN=EDRF1 PE=1 SV=1,1,1,1,1,1238,138.4,6.33,1,,C10orf137; EDRF1,High,Not Found,,,,,,,,
G3V4K3,VIPAS39,Spermatogenesis-defective protein 39 homolog OS=Homo sapiens GN=VIPAS39 PE=1 SV=1,2,1,1,1,519,59.7,8.1,1,,VIPAS39,High,Not Found,,,,,,,,
Q9NP77,SSU72,RNA polymerase II subunit A C-terminal domain phosphatase SSU72 OS=Homo sapiens GN=SSU72 PE=1 SV=1,5,1,1,1,194,22.6,5.33,1,,SSU72,High,Not Found,,,,,,,,
Q86UL3,AGPAT6; GPAT4,Glycerol-3-phosphate acyltransferase 4 OS=Homo sapiens GN=GPAT4 PE=1 SV=1,2,1,1,1,456,52,9.19,1,,AGPAT6; GPAT4,High,Not Found,,,,,,,,
Q7Z7G8,VPS13B,Vacuolar protein sorting-associated protein 13B OS=Homo sapiens GN=VPS13B PE=1 SV=2,0,1,1,1,4022,448.4,6.46,1,,VPS13B,High,Not Found,,,,,,,,
Q01432,AMPD3,AMP deaminase 3 OS=Homo sapiens GN=AMPD3 PE=1 SV=1,1,1,1,1,767,88.8,6.98,1,,AMPD3,High,Not Found,,,,,,,,
P23368,ME2,"NAD-dependent malic enzyme, mitochondrial OS=Homo sapiens GN=ME2 PE=1 SV=1",2,1,1,1,584,65.4,7.61,1,,ME2,High,Not Found,,,,,,,,
Q8IWJ2,GCC2,GRIP and coiled-coil domain-containing protein 2 OS=Homo sapiens GN=GCC2 PE=1 SV=4,1,1,1,1,1684,195.8,5.14,1,,GCC2,High,Not Found,,,,,,,,
O96006,ZBED1,Zinc finger BED domain-containing protein 1 OS=Homo sapiens GN=ZBED1 PE=1 SV=1,2,1,1,1,694,78.1,6.1,1,,ZBED1,High,Not Found,,,,,,,,
H0Y4E8,,Serine/threonine-protein kinase SIK3 (Fragment) OS=Homo sapiens GN=SIK3 PE=1 SV=1,1,1,1,1,1363,150,6.98,1,,,High,Not Found,,,,,,,,
Q9H6A0,DENND2D,DENN domain-containing protein 2D OS=Homo sapiens GN=DENND2D PE=1 SV=2,2,1,1,1,471,53.6,7.64,1,,DENND2D,High,Not Found,,,,,,,,
Q96RE7,NACC1,Nucleus accumbens-associated protein 1 OS=Homo sapiens GN=NACC1 PE=1 SV=1,2,1,1,1,527,57.2,5.74,1,,NACC1,High,Not Found,,,,,,,,
Q71RC2,LARP4,La-related protein 4 OS=Homo sapiens GN=LARP4 PE=1 SV=3,1,1,1,1,724,80.5,6.61,1,,LARP4,High,Not Found,,,,,,,,
Q9P0S9,TMEM14C,Transmembrane protein 14C OS=Homo sapiens GN=TMEM14C PE=1 SV=1,8,1,1,1,112,11.6,9.88,1,,TMEM14C,High,Not Found,,,,,,,,
F8WDK3,,Serine/threonine-protein phosphatase 4 regulatory subunit 2 (Fragment) OS=Homo sapiens GN=PPP4R2 PE=1 SV=1,15,1,1,1,62,7.3,6.65,1,,,High,Not Found,,,,,,,,
P06734,FCER2,Low affinity immunoglobulin epsilon Fc receptor OS=Homo sapiens GN=FCER2 PE=1 SV=1,5,1,1,1,321,36.4,5.57,1,,FCER2,High,Not Found,,,,,,,,
Q86U38,NOP9,Nucleolar protein 9 OS=Homo sapiens GN=NOP9 PE=1 SV=1,1,1,1,1,636,69.4,7.28,1,,NOP9,High,Not Found,,,,,,,,
P40306,PSMB10,Proteasome subunit beta type-10 OS=Homo sapiens GN=PSMB10 PE=1 SV=1,3,1,1,1,273,28.9,7.81,1,,PSMB10,High,Not Found,,,,,,,,
H3BRE0,,F-box only protein 22 OS=Homo sapiens GN=FBXO22 PE=1 SV=1,10,1,1,1,93,10.3,7.66,1,,,High,Not Found,,,,,,,,
O15084-1,ANKRD28,Isoform 3 of Serine/threonine-protein phosphatase 6 regulatory ankyrin repeat subunit A OS=Homo sapiens GN=ANKRD28,1,1,1,1,1086,116.5,6.18,1,,ANKRD28,High,Not Found,,,,,,,,
P08910,ABHD2,Monoacylglycerol lipase ABHD2 OS=Homo sapiens GN=ABHD2 PE=1 SV=1,2,1,1,1,425,48.3,6.7,1,,ABHD2,High,Not Found,,,,,,,,
F8W8S8,,Myotubularin-related protein 1 (Fragment) OS=Homo sapiens GN=MTMR1 PE=1 SV=1,10,1,1,1,90,10,5.87,1,,,High,Not Found,,,,,,,,
O60234,GMFG,Glia maturation factor gamma OS=Homo sapiens GN=GMFG PE=1 SV=1,7,1,1,1,142,16.8,5.26,1,,GMFG,High,Not Found,,,,,,,,
H0YJH7,,"Lamina-associated polypeptide 2, isoforms beta/gamma (Fragment) OS=Homo sapiens GN=TMPO PE=1 SV=1",5,1,1,1,237,26.9,9.31,1,,,High,Not Found,,,,,,,,
Q6KC79,NIPBL,Nipped-B-like protein OS=Homo sapiens GN=NIPBL PE=1 SV=2,0,1,1,1,2804,315.9,7.91,1,,NIPBL,High,Not Found,,,,,,,,
O75964,ATP5L,"ATP synthase subunit g, mitochondrial OS=Homo sapiens GN=ATP5L PE=1 SV=3",11,1,1,1,103,11.4,9.64,1,,ATP5L,High,Not Found,,,,,,,,
P52272,HNRNPM,Heterogeneous nuclear ribonucleoprotein M OS=Homo sapiens GN=HNRNPM PE=1 SV=3,2,1,1,1,730,77.5,8.7,1,,HNRNPM,High,Not Found,,,,,,,,
C9JEL3,,Eukaryotic translation initiation factor 4E type 2 (Fragment) OS=Homo sapiens GN=EIF4E2 PE=1 SV=1,5,1,1,1,213,24.6,7.53,1,,,High,Not Found,,,,,,,,
Q9NSK0,KLC4,Kinesin light chain 4 OS=Homo sapiens GN=KLC4 PE=1 SV=3,1,1,1,1,619,68.6,6.18,1,,KLC4,High,Not Found,,,,,,,,
K7EML4,,WD repeat-containing protein 18 (Fragment) OS=Homo sapiens GN=WDR18 PE=1 SV=1,5,1,1,1,268,29.2,6.38,1,,,High,Not Found,,,,,,,,
Q9P0J0-2,NDUFA13,Isoform 2 of NADH dehydrogenase [ubiquinone] 1 alpha subcomplex subunit 13 OS=Homo sapiens GN=NDUFA13,4,1,1,1,222,24.9,9.7,1,,NDUFA13,High,Not Found,,,,,,,,
Q86YP4,GATAD2A,Transcriptional repressor p66-alpha OS=Homo sapiens GN=GATAD2A PE=1 SV=1,1,1,1,1,633,68,9.94,1,,GATAD2A,High,Not Found,,,,,,,,
Q8TEV9,SMCR8,Smith-Magenis syndrome chromosomal region candidate gene 8 protein OS=Homo sapiens GN=SMCR8 PE=1 SV=2,1,1,1,1,937,105,5.58,1,,SMCR8,High,Not Found,,,,,,,,
D6R9G1,CDK7,Cyclin-dependent kinase 7 OS=Homo sapiens GN=CDK7 PE=1 SV=1,4,1,1,1,253,28.5,6.87,1,,CDK7,High,Not Found,,,,,,,,
H3BSW6,CTU2,Cytoplasmic tRNA 2-thiolation protein 2 OS=Homo sapiens GN=CTU2 PE=1 SV=1,2,1,1,1,586,63.6,7.01,1,,CTU2,High,Not Found,,,,,,,,
P17030,ZNF25,Zinc finger protein 25 OS=Homo sapiens GN=ZNF25 PE=2 SV=2,2,1,1,1,456,53.5,9.03,1,,ZNF25,High,Not Found,,,,,,,,
A8MUM1,TSSC1; EIPR1,Protein TSSC1 OS=Homo sapiens GN=TSSC1 PE=1 SV=2,2,1,1,1,414,46.3,5.07,1,,TSSC1; EIPR1,High,Not Found,,,,,,,,
Q96AX1,VPS33A,Vacuolar protein sorting-associated protein 33A OS=Homo sapiens GN=VPS33A PE=1 SV=1,2,1,1,1,596,67.6,6.96,1,,VPS33A,High,Not Found,,,,,,,,
Q9UBN7,HDAC6,Histone deacetylase 6 OS=Homo sapiens GN=HDAC6 PE=1 SV=2,1,1,1,1,1215,131.3,5.3,1,,HDAC6,High,Not Found,,,,,,,,
J3QRS7,,Cytoplasmic phosphatidylinositol transfer protein 1 (Fragment) OS=Homo sapiens GN=PITPNC1 PE=1 SV=8,8,1,1,1,98,11.5,6.37,1,,,High,Not Found,,,,,,,,
Q9UH92,MLX,Max-like protein X OS=Homo sapiens GN=MLX PE=1 SV=2,3,1,1,1,298,33.3,8.06,1,,MLX,High,Not Found,,,,,,,,
D3DSM0,ITGB2,Integrin beta OS=Homo sapiens GN=ITGB2 PE=1 SV=1,1,1,1,1,712,78.3,6.87,1,,ITGB2,High,Not Found,,,,,,,,
Q5VZE5,NAA35,"N-alpha-acetyltransferase 35, NatC auxiliary subunit OS=Homo sapiens GN=NAA35 PE=1 SV=1",1,1,1,1,725,83.6,7.05,1,,NAA35,High,Not Found,,,,,,,,
Q5TDG9,DNAJC16,"DnaJ (Hsp40) homolog, subfamily C, member 16, isoform CRA_a OS=Homo sapiens GN=DNAJC16 PE=1 SV=1",1,1,1,1,595,69.3,7.15,1,,DNAJC16,High,Not Found,,,,,,,,
Q14155,ARHGEF7,Rho guanine nucleotide exchange factor 7 OS=Homo sapiens GN=ARHGEF7 PE=1 SV=2,1,1,1,1,803,90,7.09,1,,ARHGEF7,High,Not Found,,,,,,,,
Q96AE4,FUBP1,Far upstream element-binding protein 1 OS=Homo sapiens GN=FUBP1 PE=1 SV=3,1,1,1,1,644,67.5,7.61,1,,FUBP1,High,Not Found,,,,,,,,
Q5JWR5,DOPEY1,Protein dopey-1 OS=Homo sapiens GN=DOPEY1 PE=2 SV=1,0,1,1,1,2465,277.2,6.29,1,,DOPEY1,High,Not Found,,,,,,,,
H0YKN5,,Homeobox protein TGIF2 (Fragment) OS=Homo sapiens GN=TGIF2 PE=1 SV=1,5,1,1,1,174,18.9,9.66,1,,,High,Not Found,,,,,,,,
Q9Y2X9,ZNF281,Zinc finger protein 281 OS=Homo sapiens GN=ZNF281 PE=1 SV=1,1,1,1,1,895,96.9,8.48,1,,ZNF281,High,Not Found,,,,,,,,
H7C352,,Ras guanyl-releasing protein 3 (Fragment) OS=Homo sapiens GN=RASGRP3 PE=4 SV=1,7,1,1,1,138,15.4,6.18,1,,,High,Not Found,,,,,,,,
Q8IVF7,FMNL3,Formin-like protein 3 OS=Homo sapiens GN=FMNL3 PE=1 SV=3,1,1,1,1,1028,117.1,6.65,1,,FMNL3,High,Not Found,,,,,,,,
E5RH53,FAM82B; RMDN1,Regulator of microtubule dynamics protein 1 OS=Homo sapiens GN=RMDN1 PE=1 SV=1,4,1,1,1,248,28.6,7.94,1,,FAM82B; RMDN1,High,Not Found,,,,,,,,
B3KNX7,PAK1,Serine/threonine-protein kinase PAK 1 OS=Homo sapiens GN=PAK1 PE=1 SV=1,2,1,1,1,522,58.2,5.49,1,,PAK1,High,Not Found,,,,,,,,
Q9H444,CHMP4B,Charged multivesicular body protein 4b OS=Homo sapiens GN=CHMP4B PE=1 SV=1,4,1,1,1,224,24.9,4.82,1,,CHMP4B,High,Not Found,,,,,,,,
Q8WVV9,HNRNPLL; HNRPLL,Heterogeneous nuclear ribonucleoprotein L-like OS=Homo sapiens GN=HNRNPLL PE=1 SV=1,2,1,1,1,542,60,7.72,1,,HNRNPLL; HNRPLL,High,Not Found,,,,,,,,
Q3MIX3,ADCK5,Uncharacterized aarF domain-containing protein kinase 5 OS=Homo sapiens GN=ADCK5 PE=1 SV=2,2,1,1,1,580,65.9,8.97,1,,ADCK5,High,Not Found,,,,,,,,
F8WE88,,Unconventional myosin-Va OS=Homo sapiens GN=MYO5A PE=1 SV=2,1,1,1,1,1855,215.2,8.51,1,,,High,Not Found,,,,,,,,
Q5VIR6-4,VPS53,Isoform 4 of Vacuolar protein sorting-associated protein 53 homolog OS=Homo sapiens GN=VPS53,1,1,1,1,832,94.3,6.7,1,,VPS53,High,Not Found,,,,,,,,
Q9BXP5,SRRT,Serrate RNA effector molecule homolog OS=Homo sapiens GN=SRRT PE=1 SV=1,1,1,1,1,876,100.6,5.96,1,,SRRT,High,Not Found,,,,,,,,
Q53HC0,CCDC92,Coiled-coil domain-containing protein 92 OS=Homo sapiens GN=CCDC92 PE=1 SV=2,3,1,1,1,331,36.9,8.9,1,,CCDC92,High,Not Found,,,,,,,,
Q5QPN9,LYPLA2,Acyl-protein thioesterase 2 OS=Homo sapiens GN=LYPLA2 PE=1 SV=1,7,1,1,1,137,14.5,6.71,1,,LYPLA2,High,Not Found,,,,,,,,
P25054,APC,Adenomatous polyposis coli protein OS=Homo sapiens GN=APC PE=1 SV=2,0,1,1,1,2843,311.5,7.8,1,,APC,High,Not Found,,,,,,,,
H3BT71,,"RNA-binding motif protein, X chromosome OS=Homo sapiens GN=RBMX PE=1 SV=1",3,1,1,1,296,32.2,9.91,1,,,High,Not Found,,,,,,,,
P06865,HEXA,Beta-hexosaminidase subunit alpha OS=Homo sapiens GN=HEXA PE=1 SV=2,2,1,1,1,529,60.7,5.16,1,,HEXA,High,Not Found,,,,,,,,
P39748,FEN1,Flap endonuclease 1 OS=Homo sapiens GN=FEN1 PE=1 SV=1,2,1,1,1,380,42.6,8.62,1,,FEN1,High,Not Found,,,,,,,,
P34896,SHMT1,"Serine hydroxymethyltransferase, cytosolic OS=Homo sapiens GN=SHMT1 PE=1 SV=1",2,1,1,1,483,53,7.71,1,,SHMT1,High,Not Found,,,,,,,,
P46087,NOP2,Probable 28S rRNA (cytosine(4447)-C(5))-methyltransferase OS=Homo sapiens GN=NOP2 PE=1 SV=2,1,1,1,1,812,89.2,9.23,1,,NOP2,High,Not Found,,,,,,,,
P23284,PPIB,Peptidyl-prolyl cis-trans isomerase B OS=Homo sapiens GN=PPIB PE=1 SV=2,5,1,1,1,216,23.7,9.41,1,,PPIB,High,Not Found,,,,,,,,
Q99437,ATP6V0B,V-type proton ATPase 21 kDa proteolipid subunit OS=Homo sapiens GN=ATP6V0B PE=2 SV=1,4,1,1,1,205,21.4,7.72,1,,ATP6V0B,High,Not Found,,,,,,,,
Q9BX40,LSM14B,Protein LSM14 homolog B OS=Homo sapiens GN=LSM14B PE=1 SV=1,2,1,1,1,385,42,9.69,1,,LSM14B,High,Not Found,,,,,,,,
Q86V24,ADIPOR2,Adiponectin receptor protein 2 OS=Homo sapiens GN=ADIPOR2 PE=1 SV=1,3,1,1,1,386,43.9,6.6,1,,ADIPOR2,High,Not Found,,,,,,,,
Q2VPB7,AP5B1,AP-5 complex subunit beta-1 OS=Homo sapiens GN=AP5B1 PE=1 SV=4,1,1,1,1,878,93.9,5.92,1,,AP5B1,High,Not Found,,,,,,,,
O75792,RNASEH2A,Ribonuclease H2 subunit A OS=Homo sapiens GN=RNASEH2A PE=1 SV=2,3,1,1,1,299,33.4,5.25,1,,RNASEH2A,High,Not Found,,,,,,,,
H7C3X2,,Protein YIPF4 (Fragment) OS=Homo sapiens GN=YIPF4 PE=4 SV=1,33,1,1,1,33,3.6,10.74,1,,,High,Not Found,,,,,,,,
Q9BUR4,WRAP53,Telomerase Cajal body protein 1 OS=Homo sapiens GN=WRAP53 PE=1 SV=1,2,1,1,1,548,59.3,4.58,1,,WRAP53,High,Not Found,,,,,,,,
Q14690,PDCD11,Protein RRP5 homolog OS=Homo sapiens GN=PDCD11 PE=1 SV=3,0,1,1,1,1871,208.6,8.87,1,,PDCD11,High,Not Found,,,,,,,,
Q8IY18,SMC5,Structural maintenance of chromosomes protein 5 OS=Homo sapiens GN=SMC5 PE=1 SV=2,1,1,1,1,1101,128.7,8.38,1,,SMC5,High,Not Found,,,,,,,,
Q96Q27,ASB2,Ankyrin repeat and SOCS box protein 2 OS=Homo sapiens GN=ASB2 PE=1 SV=1,1,1,1,1,587,65,7.62,1,,ASB2,High,Not Found,,,,,,,,
Q15036,SNX17,Sorting nexin-17 OS=Homo sapiens GN=SNX17 PE=1 SV=1,2,1,1,1,470,52.9,7.46,1,,SNX17,High,Not Found,,,,,,,,
H7BXJ4,,F-BAR domain only protein 2 OS=Homo sapiens GN=FCHO2 PE=1 SV=1,3,1,1,1,378,43.4,8.73,1,,,High,Not Found,,,,,,,,
P04049,RAF1,RAF proto-oncogene serine/threonine-protein kinase OS=Homo sapiens GN=RAF1 PE=1 SV=1,1,1,1,1,648,73,9.2,1,,RAF1,High,Not Found,,,,,,,,
P68104,EEF1A1,Elongation factor 1-alpha 1 OS=Homo sapiens GN=EEF1A1 PE=1 SV=1,2,1,1,1,462,50.1,9.01,1,,EEF1A1,High,Not Found,,,,,,,,
P19878,NCF2,Neutrophil cytosol factor 2 OS=Homo sapiens GN=NCF2 PE=1 SV=2,2,1,1,1,526,59.7,6.16,1,,NCF2,High,Not Found,,,,,,,,
O75204,TMEM127,Transmembrane protein 127 OS=Homo sapiens GN=TMEM127 PE=1 SV=1,4,1,1,1,238,25.8,6.71,1,,TMEM127,High,Not Found,,,,,,,,
Q9HCM1,KIAA1551,Uncharacterized protein KIAA1551 OS=Homo sapiens GN=KIAA1551 PE=1 SV=3,1,1,1,1,1747,194.7,8.78,1,,KIAA1551,High,Not Found,,,,,,,,
Q86Y91,KIF18B,Kinesin-like protein KIF18B OS=Homo sapiens GN=KIF18B PE=1 SV=3,1,1,1,1,864,94.2,8.79,1,,KIF18B,High,Not Found,,,,,,,,
E5RJH9,,Squalene monooxygenase (Fragment) OS=Homo sapiens GN=SQLE PE=1 SV=1,6,1,1,1,184,20.3,6.4,1,,,High,Not Found,,,,,,,,
Q12955,ANK3,Ankyrin-3 OS=Homo sapiens GN=ANK3 PE=1 SV=3,0,1,1,1,4377,480.1,6.49,1,,ANK3,High,Not Found,,,,,,,,
Q96CG3,TIFA,TRAF-interacting protein with FHA domain-containing protein A OS=Homo sapiens GN=TIFA PE=1 SV=1,5,1,1,1,184,21.4,5.11,1,,TIFA,High,Not Found,,,,,,,,
F5GWB1,,Coiled-coil domain-containing protein 91 OS=Homo sapiens GN=CCDC91 PE=1 SV=1,3,1,1,1,267,29.3,4.83,1,,,High,Not Found,,,,,,,,
Q9BZJ0,CRNKL1,Crooked neck-like protein 1 OS=Homo sapiens GN=CRNKL1 PE=1 SV=4,1,1,1,1,848,100.4,8,1,,CRNKL1,High,Not Found,,,,,,,,
E7EW33,CYFIP2,Cytoplasmic FMR1-interacting protein 2 OS=Homo sapiens GN=CYFIP2 PE=1 SV=1,1,1,1,1,1057,122.4,6.98,1,,CYFIP2,High,Not Found,,,,,,,,
E9PIL2,ANKRD42,Ankyrin repeat domain-containing protein 42 OS=Homo sapiens GN=ANKRD42 PE=4 SV=1,2,1,1,1,527,59.2,6.34,1,,ANKRD42,High,Not Found,,,,,,,,
Q14149,MORC3,MORC family CW-type zinc finger protein 3 OS=Homo sapiens GN=MORC3 PE=1 SV=3,1,1,1,1,939,107,5.6,1,,MORC3,High,Not Found,,,,,,,,
Q9Y2W1,THRAP3,Thyroid hormone receptor-associated protein 3 OS=Homo sapiens GN=THRAP3 PE=1 SV=2,1,1,1,1,955,108.6,10.15,1,,THRAP3,High,Not Found,,,,,,,,
E5RH51,,Small integral membrane protein 12 OS=Homo sapiens GN=SMIM12 PE=1 SV=1,12,1,1,1,74,8.7,6.54,1,,,High,Not Found,,,,,,,,
Q9NXX6,NSMCE4A,Non-structural maintenance of chromosomes element 4 homolog A OS=Homo sapiens GN=NSMCE4A PE=1 SV=2,2,1,1,1,385,44.3,5.38,1,,NSMCE4A,High,Not Found,,,,,,,,
H7C3J7,,cAMP-regulated phosphoprotein 21 (Fragment) OS=Homo sapiens GN=ARPP21 PE=1 SV=1,3,1,1,1,241,24,8.65,1,,,High,Not Found,,,,,,,,
Q9NX08,COMMD8,COMM domain-containing protein 8 OS=Homo sapiens GN=COMMD8 PE=1 SV=1,6,1,1,1,183,21.1,5.43,1,,COMMD8,High,Not Found,,,,,,,,
Q8IU68,TMC8,Transmembrane channel-like protein 8 OS=Homo sapiens GN=TMC8 PE=1 SV=1,1,1,1,1,726,81.6,9.36,1,,TMC8,High,Not Found,,,,,,,,
Q96EH5,RPL39L,60S ribosomal protein L39-like OS=Homo sapiens GN=RPL39L PE=1 SV=3,22,1,1,1,51,6.3,12.41,1,,RPL39L,High,Not Found,,,,,,,,
J3KP75,,Phosphatase and actin regulator OS=Homo sapiens GN=PHACTR2 PE=1 SV=1,1,1,1,1,622,68.3,6.38,1,,,High,Not Found,,,,,,,,
Q15642-3,TRIP10,Isoform 3 of Cdc42-interacting protein 4 OS=Homo sapiens GN=TRIP10,2,1,1,1,593,67.6,6.25,1,,TRIP10,High,Not Found,,,,,,,,
A0A0B4J206,,E3 ubiquitin-protein ligase MARCH6 OS=Homo sapiens GN=MARCH6 PE=1 SV=1,1,1,1,1,608,69.1,9.28,1,,,High,Not Found,,,,,,,,
F8W088,,Vezatin OS=Homo sapiens GN=VEZT PE=1 SV=1,11,1,1,1,99,11.3,5.41,1,,,High,Not Found,,,,,,,,
P82921,MRPS21,"28S ribosomal protein S21, mitochondrial OS=Homo sapiens GN=MRPS21 PE=1 SV=2",11,1,1,1,87,10.7,10.21,1,,MRPS21,High,Not Found,,,,,,,,
Q96GE5,ZNF799,Zinc finger protein 799 OS=Homo sapiens GN=ZNF799 PE=2 SV=4,1,1,1,1,643,74.2,9.09,1,,ZNF799,High,Not Found,,,,,,,,
Q9BYX4,IFIH1,Interferon-induced helicase C domain-containing protein 1 OS=Homo sapiens GN=IFIH1 PE=1 SV=3,1,1,1,1,1025,116.6,5.52,1,,IFIH1,High,Not Found,,,,,,,,
A0A1B0GV71,,Battenin OS=Homo sapiens GN=CLN3 PE=1 SV=1,2,1,1,1,370,40,7.87,1,,,High,Not Found,,,,,,,,
Q27J81,INF2,Inverted formin-2 OS=Homo sapiens GN=INF2 PE=1 SV=2,1,1,1,1,1249,135.5,5.38,1,,INF2,High,Not Found,,,,,,,,
F5H2J1,,Myosin-IIIb (Fragment) OS=Homo sapiens GN=MYO3B PE=1 SV=1,1,1,1,1,1105,126,7.68,1,,,High,Not Found,,,,,,,,
Q14966,ZNF638,Zinc finger protein 638 OS=Homo sapiens GN=ZNF638 PE=1 SV=2,1,1,1,1,1978,220.5,6.38,1,,ZNF638,High,Not Found,,,,,,,,
Q9NTI5,PDS5B,Sister chromatid cohesion protein PDS5 homolog B OS=Homo sapiens GN=PDS5B PE=1 SV=1,1,1,1,1,1447,164.6,8.47,1,,PDS5B,High,Not Found,,,,,,,,
O76003,GLRX3,Glutaredoxin-3 OS=Homo sapiens GN=GLRX3 PE=1 SV=2,3,1,1,1,335,37.4,5.39,1,,GLRX3,High,Not Found,,,,,,,,
O14579,COPE,Coatomer subunit epsilon OS=Homo sapiens GN=COPE PE=1 SV=3,3,1,1,1,308,34.5,5.12,1,,COPE,High,Not Found,,,,,,,,
Q2TAZ0,ATG2A,Autophagy-related protein 2 homolog A OS=Homo sapiens GN=ATG2A PE=1 SV=3,1,1,1,1,1938,212.7,5.88,1,,ATG2A,High,Not Found,,,,,,,,
H0Y7Y8,,AT-rich interactive domain-containing protein 4B (Fragment) OS=Homo sapiens GN=ARID4B PE=1 SV=2,2,1,1,1,553,61.4,6.1,1,,,High,Not Found,,,,,,,,
Q4U2R6,MRPL51,"39S ribosomal protein L51, mitochondrial OS=Homo sapiens GN=MRPL51 PE=1 SV=1",7,1,1,1,128,15.1,11.27,1,,MRPL51,High,Not Found,,,,,,,,
Q8N7H5,PAF1,RNA polymerase II-associated factor 1 homolog OS=Homo sapiens GN=PAF1 PE=1 SV=2,2,1,1,1,531,59.9,4.63,1,,PAF1,High,Not Found,,,,,,,,
Q14094,CCNI,Cyclin-I OS=Homo sapiens GN=CCNI PE=2 SV=1,2,1,1,1,377,42.5,8,1,,CCNI,High,Not Found,,,,,,,,
A0A087WW38,,Lambda-crystallin homolog (Fragment) OS=Homo sapiens GN=CRYL1 PE=1 SV=1,6,1,1,1,148,16.3,6.67,1,,,High,Not Found,,,,,,,,
O15047,SETD1A,Histone-lysine N-methyltransferase SETD1A OS=Homo sapiens GN=SETD1A PE=1 SV=3,1,1,1,1,1707,185.9,5.14,1,,SETD1A,High,Not Found,,,,,,,,
M0QYV0,,Uncharacterized protein (Fragment) OS=Homo sapiens PE=3 SV=1,5,1,1,1,167,19.3,9.51,1,,,High,Not Found,,,,,,,,
K7ENW2,,Zinc finger protein 286A (Fragment) OS=Homo sapiens GN=ZNF286A PE=1 SV=1,10,1,1,1,92,10.5,4.92,1,,,High,Not Found,,,,,,,,
O00398,P2RY10,Putative P2Y purinoceptor 10 OS=Homo sapiens GN=P2RY10 PE=2 SV=1,3,1,1,1,339,38.7,9.01,1,,P2RY10,High,Not Found,,,,,,,,
O95455,TGDS,"dTDP-D-glucose 4,6-dehydratase OS=Homo sapiens GN=TGDS PE=1 SV=1",3,1,1,1,350,40.2,6.6,1,,TGDS,High,Not Found,,,,,,,,
P23258,TUBG1,Tubulin gamma-1 chain OS=Homo sapiens GN=TUBG1 PE=1 SV=2,2,1,1,1,451,51.1,6.14,1,,TUBG1,High,Not Found,,,,,,,,
Q16513,PKN2,Serine/threonine-protein kinase N2 OS=Homo sapiens GN=PKN2 PE=1 SV=1,1,1,1,1,984,112,6.3,1,,PKN2,High,Not Found,,,,,,,,
P43489,TNFRSF4,Tumor necrosis factor receptor superfamily member 4 OS=Homo sapiens GN=TNFRSF4 PE=1 SV=1,3,1,1,1,277,29.3,8.25,1,,TNFRSF4,High,Not Found,,,,,,,,
F8VU68,,Phosphatidylinositol 5-phosphate 4-kinase type-2 gamma OS=Homo sapiens GN=PIP4K2C PE=1 SV=1,5,1,1,1,171,19.1,8.63,1,,,High,Not Found,,,,,,,,
P16383,GCFC2,GC-rich sequence DNA-binding factor 2 OS=Homo sapiens GN=GCFC2 PE=1 SV=2,1,1,1,1,781,89.3,5.99,1,,GCFC2,High,Not Found,,,,,,,,
Q9C035-4,TRIM5,Isoform Delta of Tripartite motif-containing protein 5 OS=Homo sapiens GN=TRIM5,3,1,1,1,326,37.7,5.87,1,,TRIM5,High,Not Found,,,,,,,,
E9PSF2,STIL,SCL-interrupting locus protein OS=Homo sapiens GN=STIL PE=1 SV=1,1,1,1,1,1270,141,6.46,1,,STIL,High,Not Found,,,,,,,,
Q9UMS4,PRPF19,Pre-mRNA-processing factor 19 OS=Homo sapiens GN=PRPF19 PE=1 SV=1,2,1,1,1,504,55.1,6.61,1,,PRPF19,High,Not Found,,,,,,,,
Q92973,TNPO1,Transportin-1 OS=Homo sapiens GN=TNPO1 PE=1 SV=2,1,1,1,1,898,102.3,4.98,1,,TNPO1,High,Not Found,,,,,,,,
Q9Y689,ARL5A,ADP-ribosylation factor-like protein 5A OS=Homo sapiens GN=ARL5A PE=1 SV=1,6,1,1,1,179,20.7,6.79,1,,ARL5A,High,Not Found,,,,,,,,
C9JRM9,,Zinc finger protein with KRAB and SCAN domains 1 (Fragment) OS=Homo sapiens GN=ZKSCAN1 PE=1 SV=1,6,1,1,1,125,14.7,4.65,1,,,High,Not Found,,,,,,,,
A2RRP1,NBAS,Neuroblastoma-amplified sequence OS=Homo sapiens GN=NBAS PE=1 SV=2,0,1,1,1,2371,268.4,5.96,1,,NBAS,High,Not Found,,,,,,,,
A0A0B4J1V8,PPAN-P2RY11,HCG2039996 OS=Homo sapiens GN=PPAN-P2RY11 PE=3 SV=1,1,1,1,1,794,87.9,9.51,1,,PPAN-P2RY11,High,Not Found,,,,,,,,
Q5T1W1,DDX59,Probable ATP-dependent RNA helicase DDX59 (Fragment) OS=Homo sapiens GN=DDX59 PE=1 SV=1,6,1,1,1,205,22.9,6.79,1,,DDX59,High,Not Found,,,,,,,,
P09525,ANXA4,Annexin A4 OS=Homo sapiens GN=ANXA4 PE=1 SV=4,3,1,1,1,319,35.9,6.13,1,,ANXA4,High,Not Found,,,,,,,,
Q8TB72,PUM2,Pumilio homolog 2 OS=Homo sapiens GN=PUM2 PE=1 SV=2,1,1,1,1,1066,114.1,7.08,1,,PUM2,High,Not Found,,,,,,,,
Q969Q6,PPP2R3C,Serine/threonine-protein phosphatase 2A regulatory subunit B'' subunit gamma OS=Homo sapiens GN=PPP2R3C PE=1 SV=1,2,1,1,1,453,53.3,5.19,1,,PPP2R3C,High,Not Found,,,,,,,,
K7ELE9,,DDB1- and CUL4-associated factor 15 (Fragment) OS=Homo sapiens GN=DCAF15 PE=1 SV=1,3,1,1,1,272,29.4,5.36,1,,,High,Not Found,,,,,,,,
Q96RT8,TUBGCP5,Gamma-tubulin complex component 5 OS=Homo sapiens GN=TUBGCP5 PE=1 SV=1,1,1,1,1,1024,118.2,5.9,1,,TUBGCP5,High,Not Found,,,,,,,,
Q15276,RABEP1,Rab GTPase-binding effector protein 1 OS=Homo sapiens GN=RABEP1 PE=1 SV=2,1,1,1,1,862,99.2,5.01,1,,RABEP1,High,Not Found,,,,,,,,
E7EWP2,,Triple functional domain protein OS=Homo sapiens GN=TRIO PE=1 SV=2,0,1,1,1,2309,262.5,6.28,1,,,High,Not Found,,,,,,,,
M0QX76,,40S ribosomal protein S16 (Fragment) OS=Homo sapiens GN=RPS16 PE=1 SV=1,18,1,1,1,50,5.6,9.63,1,,,High,Not Found,,,,,,,,
Q99595,TIMM17A,Mitochondrial import inner membrane translocase subunit Tim17-A OS=Homo sapiens GN=TIMM17A PE=1 SV=1,7,1,1,1,171,18,7.87,1,,TIMM17A,High,Not Found,,,,,,,,
A0A0C4DG02,DNMT3A,DNA (cytosine-5)-methyltransferase 3A OS=Homo sapiens GN=DNMT3A PE=1 SV=1,1,1,1,1,689,77.8,6.49,1,,DNMT3A,High,Not Found,,,,,,,,
O75663,TIPRL,TIP41-like protein OS=Homo sapiens GN=TIPRL PE=1 SV=2,4,1,1,1,272,31.4,5.91,1,,TIPRL,High,Not Found,,,,,,,,
E5RHF2,,COP9 signalosome complex subunit 5 (Fragment) OS=Homo sapiens GN=COPS5 PE=1 SV=1,6,1,1,1,151,16.6,5.06,1,,,High,Not Found,,,,,,,,
F5H6T4,,Integrin beta OS=Homo sapiens GN=ITGB7 PE=1 SV=1,2,1,1,1,471,51.8,5.87,1,,,High,Not Found,,,,,,,,
Q9BUT9-2,FAM195A; MCRIP2,Isoform 2 of MAPK regulated corepressor interacting protein 2 OS=Homo sapiens GN=MCRIP2,13,1,1,1,75,8.1,11.39,1,,FAM195A; MCRIP2,High,Not Found,,,,,,,,
Q6IQ26,DENND5A,DENN domain-containing protein 5A OS=Homo sapiens GN=DENND5A PE=1 SV=2,1,1,1,1,1287,147,6.65,1,,DENND5A,High,Not Found,,,,,,,,
Q03111,MLLT1,Protein ENL OS=Homo sapiens GN=MLLT1 PE=1 SV=2,2,1,1,1,559,62,8.59,1,,MLLT1,High,Not Found,,,,,,,,
D6RA67,,Ufm1-specific protease 2 (Fragment) OS=Homo sapiens GN=UFSP2 PE=1 SV=1,9,1,1,1,124,14.1,8.46,1,,,High,Not Found,,,,,,,,
Q92673,SORL1,Sortilin-related receptor OS=Homo sapiens GN=SORL1 PE=1 SV=2,0,1,1,1,2214,248.3,5.55,1,,SORL1,High,Not Found,,,,,,,,
P62906,RPL10A,60S ribosomal protein L10a OS=Homo sapiens GN=RPL10A PE=1 SV=2,4,1,1,1,217,24.8,9.94,1,,RPL10A,High,Not Found,,,,,,,,
Q9P2D3,HEATR5B,HEAT repeat-containing protein 5B OS=Homo sapiens GN=HEATR5B PE=1 SV=2,0,1,1,1,2071,224.2,7.17,1,,HEATR5B,High,Not Found,,,,,,,,
Q9BW60,ELOVL1,Elongation of very long chain fatty acids protein 1 OS=Homo sapiens GN=ELOVL1 PE=1 SV=1,3,1,1,1,279,32.6,9.6,1,,ELOVL1,High,Not Found,,,,,,,,
H7C3Q6,,MIT domain-containing protein 1 (Fragment) OS=Homo sapiens GN=MITD1 PE=1 SV=1,4,1,1,1,231,27.5,7.77,1,,,High,Not Found,,,,,,,,
P12931,SRC,Proto-oncogene tyrosine-protein kinase Src OS=Homo sapiens GN=SRC PE=1 SV=3,2,1,1,1,536,59.8,7.42,1,,SRC,High,Not Found,,,,,,,,
E9PDE8,HSPA4L,Heat shock 70 kDa protein 4L OS=Homo sapiens GN=HSPA4L PE=1 SV=1,1,1,1,1,813,91.9,6.09,1,,HSPA4L,High,Not Found,,,,,,,,
P09601,HMOX1,Heme oxygenase 1 OS=Homo sapiens GN=HMOX1 PE=1 SV=1,3,1,1,1,288,32.8,8.25,1,,HMOX1,High,Not Found,,,,,,,,
A0A087X1I3,,"Succinate dehydrogenase [ubiquinone] flavoprotein subunit, mitochondrial OS=Homo sapiens GN=SDHA PE=1 SV=1",2,1,1,1,519,56.6,7.5,1,,,High,Not Found,,,,,,,,
H0Y6F5,,Zinc fingers and homeoboxes protein 3 (Fragment) OS=Homo sapiens GN=ZHX3 PE=1 SV=1,1,1,1,1,678,75.1,6.29,1,,,High,Not Found,,,,,,,,
Q9NYU1,UGGT2,UDP-glucose:glycoprotein glucosyltransferase 2 OS=Homo sapiens GN=UGGT2 PE=1 SV=4,1,1,1,1,1516,174.6,6.89,1,,UGGT2,High,Not Found,,,,,,,,
Q96P11,NSUN5,Probable 28S rRNA (cytosine-C(5))-methyltransferase OS=Homo sapiens GN=NSUN5 PE=1 SV=2,2,1,1,1,429,46.7,8.62,1,,NSUN5,High,Not Found,,,,,,,,
Q99075,HBEGF,Proheparin-binding EGF-like growth factor OS=Homo sapiens GN=HBEGF PE=1 SV=1,4,1,1,1,208,23.1,9.38,1,,HBEGF,High,Not Found,,,,,,,,
P50616,TOB1,Protein Tob1 OS=Homo sapiens GN=TOB1 PE=1 SV=1,3,1,1,1,345,38.1,6.93,1,,TOB1,High,Not Found,,,,,,,,
Q14137,BOP1,Ribosome biogenesis protein BOP1 OS=Homo sapiens GN=BOP1 PE=1 SV=2,1,1,1,1,746,83.6,6.19,1,,BOP1,High,Not Found,,,,,,,,
Q9GZR1,SENP6,Sentrin-specific protease 6 OS=Homo sapiens GN=SENP6 PE=1 SV=2,1,1,1,1,1112,126.1,6.73,1,,SENP6,High,Not Found,,,,,,,,
Q8N4H5,TOMM5,Mitochondrial import receptor subunit TOM5 homolog OS=Homo sapiens GN=TOMM5 PE=1 SV=1,18,1,1,1,51,6,9.7,1,,TOMM5,High,Not Found,,,,,,,,
Q9BRQ8,AIFM2,Apoptosis-inducing factor 2 OS=Homo sapiens GN=AIFM2 PE=1 SV=1,2,1,1,1,373,40.5,9.11,1,,AIFM2,High,Not Found,,,,,,,,
Q8WU67,ABHD3,Phospholipase ABHD3 OS=Homo sapiens GN=ABHD3 PE=1 SV=2,2,1,1,1,409,46,7.17,1,,ABHD3,High,Not Found,,,,,,,,
Q9BSC4,NOL10,Nucleolar protein 10 OS=Homo sapiens GN=NOL10 PE=1 SV=1,1,1,1,1,688,80.3,8.46,1,,NOL10,High,Not Found,,,,,,,,
O95379,TNFAIP8,Tumor necrosis factor alpha-induced protein 8 OS=Homo sapiens GN=TNFAIP8 PE=1 SV=1,5,1,1,1,198,23,7.93,1,,TNFAIP8,High,Not Found,,,,,,,,
Q7Z6A9,BTLA,B- and T-lymphocyte attenuator OS=Homo sapiens GN=BTLA PE=1 SV=3,4,1,1,1,289,32.8,6.52,1,,BTLA,High,Not Found,,,,,,,,
Q96MT1,RNF145,RING finger protein 145 OS=Homo sapiens GN=RNF145 PE=2 SV=2,1,1,1,1,663,75.6,6.84,1,,RNF145,High,Not Found,,,,,,,,
Q9Y6J0,CABIN1,Calcineurin-binding protein cabin-1 OS=Homo sapiens GN=CABIN1 PE=1 SV=1,0,1,1,1,2220,246.2,6.02,1,,CABIN1,High,Not Found,,,,,,,,
A0A0C4DG33,PEX1,Peroxisome biogenesis factor 1 OS=Homo sapiens GN=PEX1 PE=1 SV=1,1,1,1,1,1226,136.5,6.47,1,,PEX1,High,Not Found,,,,,,,,
Q9NSP4,CENPM,Centromere protein M OS=Homo sapiens GN=CENPM PE=1 SV=1,5,1,1,1,180,19.7,7.2,1,,CENPM,High,Not Found,,,,,,,,
Q96L73,NSD1,"Histone-lysine N-methyltransferase, H3 lysine-36 and H4 lysine-20 specific OS=Homo sapiens GN=NSD1 PE=1 SV=1",0,1,1,1,2696,296.5,8.03,1,,NSD1,High,Not Found,,,,,,,,
Q92575,UBXN4,UBX domain-containing protein 4 OS=Homo sapiens GN=UBXN4 PE=1 SV=2,2,1,1,1,508,56.7,6.38,1,,UBXN4,High,Not Found,,,,,,,,
Q5JTH9,RRP12,RRP12-like protein OS=Homo sapiens GN=RRP12 PE=1 SV=2,1,1,1,1,1297,143.6,8.75,1,,RRP12,High,Not Found,,,,,,,,
A2A305,,Ubiquitin-associated protein 2 (Fragment) OS=Homo sapiens GN=UBAP2 PE=1 SV=1,3,1,1,1,412,44.8,6.99,1,,,High,Not Found,,,,,,,,
P17098,ZNF8,Zinc finger protein 8 OS=Homo sapiens GN=ZNF8 PE=1 SV=2,2,1,1,1,575,64.9,7.39,1,,ZNF8,High,Not Found,,,,,,,,
Q9NX24,NHP2,H/ACA ribonucleoprotein complex subunit 2 OS=Homo sapiens GN=NHP2 PE=1 SV=1,6,1,1,1,153,17.2,8.22,1,,NHP2,High,Not Found,,,,,,,,
Q8TAE8,GADD45GIP1,Growth arrest and DNA damage-inducible proteins-interacting protein 1 OS=Homo sapiens GN=GADD45GIP1 PE=1 SV=1,4,1,1,1,222,25.4,10.02,1,,GADD45GIP1,High,Not Found,,,,,,,,
Q9P287,BCCIP,BRCA2 and CDKN1A-interacting protein OS=Homo sapiens GN=BCCIP PE=1 SV=1,3,1,1,1,314,36,4.61,1,,BCCIP,High,Not Found,,,,,,,,
C9J5X9,,Fanconi anemia group B protein (Fragment) OS=Homo sapiens GN=FANCB PE=1 SV=1,1,1,1,1,818,93,7.18,1,,,High,Not Found,,,,,,,,
M0QYY8,,Death-associated protein kinase 3 (Fragment) OS=Homo sapiens GN=DAPK3 PE=1 SV=1,10,1,1,1,92,10.1,5.41,1,,,High,Not Found,,,,,,,,
P42680,TEC,Tyrosine-protein kinase Tec OS=Homo sapiens GN=TEC PE=1 SV=2,1,1,1,1,631,73.5,8.44,1,,TEC,High,Not Found,,,,,,,,
Q01518,CAP1,Adenylyl cyclase-associated protein 1 OS=Homo sapiens GN=CAP1 PE=1 SV=5,2,1,1,1,475,51.9,8.06,1,,CAP1,High,Not Found,,,,,,,,
Q8TAP9,MPLKIP,M-phase-specific PLK1-interacting protein OS=Homo sapiens GN=MPLKIP PE=1 SV=1,5,1,1,1,179,19.1,10.23,1,,MPLKIP,High,Not Found,,,,,,,,
Q9NZ08,ERAP1,Endoplasmic reticulum aminopeptidase 1 OS=Homo sapiens GN=ERAP1 PE=1 SV=3,1,1,1,1,941,107.2,6.46,1,,ERAP1,High,Not Found,,,,,,,,
Q3KNW5,SLC10A6,Solute carrier family 10 member 6 OS=Homo sapiens GN=SLC10A6 PE=1 SV=2,3,1,1,1,377,41.2,7.85,1,,SLC10A6,High,Not Found,,,,,,,,
P56556,NDUFA6,NADH dehydrogenase [ubiquinone] 1 alpha subcomplex subunit 6 OS=Homo sapiens GN=NDUFA6 PE=1 SV=3,6,1,1,1,154,17.9,10.14,1,,NDUFA6,High,Not Found,,,,,,,,
P42766,RPL35,60S ribosomal protein L35 OS=Homo sapiens GN=RPL35 PE=1 SV=2,7,1,1,1,123,14.5,11.05,1,,RPL35,High,Not Found,,,,,,,,
Q9Y244,POMP,Proteasome maturation protein OS=Homo sapiens GN=POMP PE=1 SV=1,6,1,1,1,141,15.8,5.11,1,,POMP,High,Not Found,,,,,,,,
B4E127,TDG,G/T mismatch-specific thymine DNA glycosylase OS=Homo sapiens GN=TDG PE=1 SV=1,3,1,1,1,267,30.1,6.28,1,,TDG,High,Not Found,,,,,,,,
K7ELB8,,Pleckstrin homology domain-containing family F member 1 (Fragment) OS=Homo sapiens GN=PLEKHF1 PE=1 SV=1,9,1,1,1,128,14.5,9.13,1,,,High,Not Found,,,,,,,,
P54819,AK2,"Adenylate kinase 2, mitochondrial OS=Homo sapiens GN=AK2 PE=1 SV=2",4,1,1,1,239,26.5,7.81,1,,AK2,High,Not Found,,,,,,,,
G5E9C2,NFKBIB,NF-kappa-B inhibitor beta OS=Homo sapiens GN=NFKBIB PE=1 SV=2,4,1,1,1,270,29.1,5.12,1,,NFKBIB,High,Not Found,,,,,,,,
Q96EY7,PTCD3,"Pentatricopeptide repeat domain-containing protein 3, mitochondrial OS=Homo sapiens GN=PTCD3 PE=1 SV=3",1,1,1,1,689,78.5,6.42,1,,PTCD3,High,Not Found,,,,,,,,
P51587,BRCA2,Breast cancer type 2 susceptibility protein OS=Homo sapiens GN=BRCA2 PE=1 SV=3,0,1,1,1,3418,384,6.71,1,,BRCA2,High,Not Found,,,,,,,,
Q13098,GPS1,COP9 signalosome complex subunit 1 OS=Homo sapiens GN=GPS1 PE=1 SV=4,2,1,1,1,491,55.5,6.74,1,,GPS1,High,Not Found,,,,,,,,
C9JZJ1,,Serine/threonine-protein kinase 17B (Fragment) OS=Homo sapiens GN=STK17B PE=1 SV=1,18,1,1,1,67,7.8,10.49,1,,,High,Not Found,,,,,,,,
V9GYM8,,Rho guanine nucleotide exchange factor 2 OS=Homo sapiens GN=ARHGEF2 PE=1 SV=1,1,1,1,1,1031,116,7.37,1,,,High,Not Found,,,,,,,,
Q9Y2L9-2,LRCH1,Isoform 2 of Leucine-rich repeat and calponin homology domain-containing protein 1 OS=Homo sapiens GN=LRCH1,1,1,1,1,696,77.2,5.88,1,,LRCH1,High,Not Found,,,,,,,,
Q13099,IFT88,Intraflagellar transport protein 88 homolog OS=Homo sapiens GN=IFT88 PE=2 SV=2,1,1,1,1,833,94.2,6.54,1,,IFT88,High,Not Found,,,,,,,,
Q0VDF9,HSPA14,Heat shock 70 kDa protein 14 OS=Homo sapiens GN=HSPA14 PE=1 SV=1,2,1,1,1,509,54.8,5.59,1,,HSPA14,High,Not Found,,,,,,,,
Q5T6J7,IDNK,Probable gluconokinase OS=Homo sapiens GN=IDNK PE=1 SV=1,6,1,1,1,187,20.6,6.21,1,,IDNK,High,Not Found,,,,,,,,
Q9Y573,IPP,Actin-binding protein IPP OS=Homo sapiens GN=IPP PE=2 SV=1,2,1,1,1,584,65.2,5.73,1,,IPP,High,Not Found,,,,,,,,
Q9BVK6,TMED9,Transmembrane emp24 domain-containing protein 9 OS=Homo sapiens GN=TMED9 PE=1 SV=2,4,1,1,1,235,27.3,8.02,1,,TMED9,High,Not Found,,,,,,,,
A0A0C4DGS9,CEPT1,Choline/ethanolaminephosphotransferase 1 OS=Homo sapiens GN=CEPT1 PE=1 SV=1,4,1,1,1,280,31.3,7.93,1,,CEPT1,High,Not Found,,,,,,,,
O95456,PSMG1,Proteasome assembly chaperone 1 OS=Homo sapiens GN=PSMG1 PE=1 SV=1,3,1,1,1,288,32.8,7.17,1,,PSMG1,High,Not Found,,,,,,,,
Q15691,MAPRE1,Microtubule-associated protein RP/EB family member 1 OS=Homo sapiens GN=MAPRE1 PE=1 SV=3,3,1,1,1,268,30,5.14,1,,MAPRE1,High,Not Found,,,,,,,,
P04839,CYBB,Cytochrome b-245 heavy chain OS=Homo sapiens GN=CYBB PE=1 SV=2,1,1,1,1,570,65.3,8.63,1,,CYBB,High,Not Found,,,,,,,,
Q9BWT3,PAPOLG,Poly(A) polymerase gamma OS=Homo sapiens GN=PAPOLG PE=1 SV=2,1,1,1,1,736,82.8,9.14,1,,PAPOLG,High,Not Found,,,,,,,,
Q9H3E2,SNX25,Sorting nexin-25 OS=Homo sapiens GN=SNX25 PE=1 SV=2,1,1,1,1,840,97.9,6.38,1,,SNX25,High,Not Found,,,,,,,,
H7C1J4,UHRF1BP1,"Chromosome 6 open reading frame 107, isoform CRA_b OS=Homo sapiens GN=UHRF1BP1 PE=1 SV=1",1,1,1,1,1400,154.6,6.14,1,,UHRF1BP1,High,Not Found,,,,,,,,
Q8NB78,KDM1B,Lysine-specific histone demethylase 1B OS=Homo sapiens GN=KDM1B PE=1 SV=3,1,1,1,1,822,92,7.87,1,,KDM1B,High,Not Found,,,,,,,,
H0Y9Y0,,F-box/LRR-repeat protein 5 (Fragment) OS=Homo sapiens GN=FBXL5 PE=4 SV=1,1,1,1,1,612,69,5.57,1,,,High,Not Found,,,,,,,,
Q9BSF4,C19orf52; TIMM29,Mitochondrial import inner membrane translocase subunit Tim29 OS=Homo sapiens GN=TIMM29 PE=1 SV=2,4,1,1,1,260,29.2,8.09,1,,C19orf52; TIMM29,High,Not Found,,,,,,,,
Q96JQ0,DCHS1,Protocadherin-16 OS=Homo sapiens GN=DCHS1 PE=1 SV=1,0,1,1,1,3298,346,4.94,1,,DCHS1,High,Not Found,,,,,,,,
P17858,PFKL,"ATP-dependent 6-phosphofructokinase, liver type OS=Homo sapiens GN=PFKL PE=1 SV=6",1,1,1,1,780,85,7.5,1,,PFKL,High,Not Found,,,,,,,,
Q16739,UGCG,Ceramide glucosyltransferase OS=Homo sapiens GN=UGCG PE=1 SV=1,3,1,1,1,394,44.8,7.78,1,,UGCG,High,Not Found,,,,,,,,
Q13200,PSMD2,26S proteasome non-ATPase regulatory subunit 2 OS=Homo sapiens GN=PSMD2 PE=1 SV=3,1,1,1,1,908,100.1,5.2,1,,PSMD2,High,Not Found,,,,,,,,
A0A075B7D0,,Protein IGHV1OR15-1 (Fragment) OS=Homo sapiens GN=IGHV1OR15-1 PE=1 SV=1,9,1,1,1,117,13,9.13,1,,,High,Not Found,,,,,,,,
A0A0C4DFX2,FRY,Protein furry homolog OS=Homo sapiens GN=FRY PE=1 SV=1,0,1,1,1,3012,338,6.04,1,,FRY,High,Not Found,,,,,,,,
Q2T9J0,TYSND1,Peroxisomal leader peptide-processing protease OS=Homo sapiens GN=TYSND1 PE=1 SV=3,2,1,1,1,566,59.3,6.2,1,,TYSND1,High,Not Found,,,,,,,,
Q8TCJ0-3,FBXO25,Isoform 3 of F-box only protein 25 OS=Homo sapiens GN=FBXO25,4,1,1,1,291,34,8.92,1,,FBXO25,High,Not Found,,,,,,,,
P25786,PSMA1,Proteasome subunit alpha type-1 OS=Homo sapiens GN=PSMA1 PE=1 SV=1,3,1,1,1,263,29.5,6.61,1,,PSMA1,High,Not Found,,,,,,,,
P15291,B4GALT1,"Beta-1,4-galactosyltransferase 1 OS=Homo sapiens GN=B4GALT1 PE=1 SV=5",2,1,1,1,398,43.9,8.65,1,,B4GALT1,High,Not Found,,,,,,,,
Q6Q0C0,TRAF7,E3 ubiquitin-protein ligase TRAF7 OS=Homo sapiens GN=TRAF7 PE=1 SV=1,1,1,1,1,670,74.6,7.15,1,,TRAF7,High,Not Found,,,,,,,,
Q92968,PEX13,Peroxisomal membrane protein PEX13 OS=Homo sapiens GN=PEX13 PE=1 SV=2,2,1,1,1,403,44.1,8.05,1,,PEX13,High,Not Found,,,,,,,,
E9PC69,MARK2,Non-specific serine/threonine protein kinase OS=Homo sapiens GN=MARK2 PE=1 SV=3,1,1,1,1,778,86.6,9.64,1,,MARK2,High,Not Found,,,,,,,,
K7EKL8,,Intercellular adhesion molecule 1 (Fragment) OS=Homo sapiens GN=ICAM1 PE=1 SV=1,5,1,1,1,180,19.4,7.18,1,,,High,Not Found,,,,,,,,
O75534,CSDE1,Cold shock domain-containing protein E1 OS=Homo sapiens GN=CSDE1 PE=1 SV=2,1,1,1,1,798,88.8,6.25,1,,CSDE1,High,Not Found,,,,,,,,